
--
-- Data for Name: users; Type: TABLE DATA; Schema: auth; Owner: supabase_auth_admin
--

INSERT INTO "auth"."users" ("instance_id", "id", "aud", "role", "email", "encrypted_password", "email_confirmed_at", "invited_at", "confirmation_token", "confirmation_sent_at", "recovery_token", "recovery_sent_at", "email_change_token_new", "email_change", "email_change_sent_at", "last_sign_in_at", "raw_app_meta_data", "raw_user_meta_data", "is_super_admin", "created_at", "updated_at", "phone", "phone_confirmed_at", "phone_change", "phone_change_token", "phone_change_sent_at", "email_change_token_current", "email_change_confirm_status", "banned_until", "reauthentication_token", "reauthentication_sent_at", "is_sso_user", "deleted_at") VALUES
	('00000000-0000-0000-0000-000000000000', '84a298b6-9caf-4305-9bfe-3ea325df9188', 'authenticated', 'authenticated', 'germanzarkovich@gmail.com', '$2a$10$zDwI4WhdTYEEClfJm1VxVuhbXO.D8//bpMVwgV.dlYG.VujvRpi3q', '2024-03-05 15:35:23.695951+00', NULL, '', NULL, '', NULL, '', '', NULL, NULL, '{"provider": "email", "providers": ["email"]}', '{}', NULL, '2024-03-05 15:35:23.693491+00', '2024-03-05 15:35:23.696028+00', NULL, NULL, '', '', NULL, '', 0, NULL, '', NULL, false, NULL),
	('00000000-0000-0000-0000-000000000000', '1caa66a7-d9a2-462f-93c4-e65946d61c02', 'authenticated', 'authenticated', 'someone@email.com', '$2a$10$qQA4UXgQC42VEL7Jj0BMI.lSolPCyHTQA0dy0209AT9/DTDoQ8./O', '2024-03-05 16:20:21.660728+00', NULL, '', NULL, '', NULL, '', '', NULL, '2024-03-05 16:20:21.673034+00', '{"provider": "email", "providers": ["email"]}', '{}', NULL, '2024-03-05 16:20:21.658888+00', '2024-03-05 16:20:21.673672+00', NULL, NULL, '', '', NULL, '', 0, NULL, '', NULL, false, NULL),
	('00000000-0000-0000-0000-000000000000', 'bae9af94-3ee7-47dd-9389-181cd5906814', 'authenticated', 'authenticated', 'test@test.com', '$2a$10$v1Rtv0uewR20qe0sxcmdGuhbIzqqIeRA0RU1UFXnakRTPONEt8Vjq', '2024-03-26 13:26:01.837792+00', NULL, '', NULL, '', NULL, '', '', NULL, '2024-03-26 13:26:01.841642+00', '{"provider": "email", "providers": ["email"]}', '{"last_name": "Test", "first_name": "Test"}', NULL, '2024-03-26 13:26:01.826478+00', '2024-03-26 19:29:25.886671+00', NULL, NULL, '', '', NULL, '', 0, NULL, '', NULL, false, NULL),
	('00000000-0000-0000-0000-000000000000', 'a23376db-215d-49c4-9d9d-791c26579543', 'authenticated', 'authenticated', 'test4@test.com', '$2a$10$kb28zFsgV7Ff2KLr19LZ/.W3iEM.GssnZ5hPZf2I8YoQ1303cHOAm', '2024-03-19 18:42:48.187063+00', NULL, '', NULL, '', NULL, '', '', NULL, '2024-03-19 18:42:48.188942+00', '{"provider": "email", "providers": ["email"]}', '{"last_name": "test", "first_name": "test"}', NULL, '2024-03-19 18:42:48.175446+00', '2024-03-20 14:01:58.310551+00', NULL, NULL, '', '', NULL, '', 0, NULL, '', NULL, false, NULL),
	('00000000-0000-0000-0000-000000000000', 'df10c4ca-2f2a-4ff1-b2c6-68a51ca94cf9', 'authenticated', 'authenticated', 'test10@test.com', '$2a$10$57DpbJB6eJ0TwKwpV7xR3.pB2CO2rzh2U4U7gLbelm3Pu9F7FlbsO', '2024-03-27 16:09:26.189581+00', NULL, '', NULL, '', NULL, '', '', NULL, '2024-03-27 16:09:26.190696+00', '{"provider": "email", "providers": ["email"]}', '{"last_name": "test", "first_name": "test"}', NULL, '2024-03-27 16:09:26.186335+00', '2024-03-27 16:09:26.192962+00', NULL, NULL, '', '', NULL, '', 0, NULL, '', NULL, false, NULL),
	('00000000-0000-0000-0000-000000000000', 'df188225-8970-42a4-a54f-97b303c2b2ed', 'authenticated', 'authenticated', 'test5@test.com', '$2a$10$0y/mcUrcfjUWWy/.jwc3HOoNYFJdydypaDykaLCzxYrPXOrGF65Hi', '2024-03-20 15:28:45.002582+00', NULL, '', NULL, '', NULL, '', '', NULL, '2024-03-20 15:28:45.005413+00', '{"provider": "email", "providers": ["email"]}', '{"last_name": "test", "first_name": "Test"}', NULL, '2024-03-20 15:28:44.990631+00', '2024-03-27 13:14:30.947697+00', NULL, NULL, '', '', NULL, '', 0, NULL, '', NULL, false, NULL),
	('00000000-0000-0000-0000-000000000000', '111d3bed-1c92-4cf5-a66f-2ecaf3e717c3', 'authenticated', 'authenticated', 'test13@test.com', '$2a$10$HC.RmWBBeeD1Ay4YwGJnQ.O8qkBVqgfffmzc8JQgMRV9eV.M2eCTS', '2024-03-27 16:18:49.041032+00', NULL, '', NULL, '', NULL, '', '', NULL, '2024-03-27 16:18:49.044415+00', '{"provider": "email", "providers": ["email"]}', '{"last_name": "Test", "first_name": "Test"}', NULL, '2024-03-27 16:18:49.035351+00', '2024-03-27 18:53:13.107192+00', NULL, NULL, '', '', NULL, '', 0, NULL, '', NULL, false, NULL),
	('00000000-0000-0000-0000-000000000000', 'b78eab21-c34e-41ef-9a72-64ee49f4cbc0', 'authenticated', 'authenticated', 'test6@test.com', '$2a$10$upU6bJwUd0aXUifcbc.dauT/ak2wLw1dPHva/l7HmYZKhlRnz7a7S', '2024-03-27 14:23:24.235522+00', NULL, '', NULL, '', NULL, '', '', NULL, '2024-03-27 14:23:24.23826+00', '{"provider": "email", "providers": ["email"]}', '{"last_name": "test", "first_name": "Test"}', NULL, '2024-03-27 14:23:24.226145+00', '2024-03-27 14:23:24.241546+00', NULL, NULL, '', '', NULL, '', 0, NULL, '', NULL, false, NULL),
	('00000000-0000-0000-0000-000000000000', 'ec946adf-7315-4721-a238-ed600dd153d7', 'authenticated', 'authenticated', 'test2@test.com', '$2a$10$Bg3uVVpxeilQRtTim1/OCuWYqGhu1fhl2B5uSgLIo.K/t4F/XugQS', '2024-03-26 13:43:25.939314+00', NULL, '', NULL, '', NULL, '', '', NULL, '2024-03-26 13:43:25.940954+00', '{"provider": "email", "providers": ["email"]}', '{"last_name": "Test", "first_name": "Test2"}', NULL, '2024-03-26 13:43:25.93158+00', '2024-03-26 16:38:24.704182+00', NULL, NULL, '', '', NULL, '', 0, NULL, '', NULL, false, NULL),
	('00000000-0000-0000-0000-000000000000', 'b00f3d62-4eb1-40ba-b73e-e3dc78eff08a', 'authenticated', 'authenticated', 'test8@test.com', '$2a$10$/Cs2ysAPlBv5DOa9eNUo7uJAtC7rp57Lz5XTJ1eXmWJ6P9hbzWdN.', '2024-03-27 15:17:02.810911+00', NULL, '', NULL, '', NULL, '', '', NULL, '2024-03-27 15:17:02.813624+00', '{"provider": "email", "providers": ["email"]}', '{"last_name": "test", "first_name": "TEST"}', NULL, '2024-03-27 15:17:02.803115+00', '2024-03-27 19:04:24.849828+00', NULL, NULL, '', '', NULL, '', 0, NULL, '', NULL, false, NULL),
	('00000000-0000-0000-0000-000000000000', '2ae7eb64-750a-42b9-8d8d-c8b9bf780092', 'authenticated', 'authenticated', 'test11@test.com', '$2a$10$MPDSSQJyE4mIKl1kUvgrx.xdlM0qaO9PmLOE3/mKwqTbg/Tr6AsIm', '2024-03-27 16:12:36.47631+00', NULL, '', NULL, '', NULL, '', '', NULL, '2024-03-27 16:12:36.479218+00', '{"provider": "email", "providers": ["email"]}', '{"last_name": "test", "first_name": "test"}', NULL, '2024-03-27 16:12:36.471934+00', '2024-03-27 16:12:36.481996+00', NULL, NULL, '', '', NULL, '', 0, NULL, '', NULL, false, NULL),
	('00000000-0000-0000-0000-000000000000', 'f885208b-ef4a-4f75-8543-a808db576a13', 'authenticated', 'authenticated', 'test7@test.com', '$2a$10$Xb00Z4wZuelapLp85KCfBOWExlPs8fzFwYhQ2vOKyZglHg6IQ5q3i', '2024-03-27 15:58:08.759078+00', NULL, '', NULL, '', NULL, '', '', NULL, '2024-03-27 15:58:08.76109+00', '{"provider": "email", "providers": ["email"]}', '{"last_name": "tes", "first_name": "test"}', NULL, '2024-03-27 15:58:08.75323+00', '2024-03-27 15:58:08.764263+00', NULL, NULL, '', '', NULL, '', 0, NULL, '', NULL, false, NULL);


--
-- Data for Name: identities; Type: TABLE DATA; Schema: auth; Owner: supabase_auth_admin
--

INSERT INTO "auth"."identities" ("provider_id", "user_id", "identity_data", "provider", "last_sign_in_at", "created_at", "updated_at", "id") VALUES
	('84a298b6-9caf-4305-9bfe-3ea325df9188', '84a298b6-9caf-4305-9bfe-3ea325df9188', '{"sub": "84a298b6-9caf-4305-9bfe-3ea325df9188", "email": "germanzarkovich@gmail.com", "email_verified": false, "phone_verified": false}', 'email', '2024-03-05 15:35:23.694546+00', '2024-03-05 15:35:23.694566+00', '2024-03-05 15:35:23.694566+00', '90e98ab8-ce45-4579-bb03-41d5c42a8e72'),
	('1caa66a7-d9a2-462f-93c4-e65946d61c02', '1caa66a7-d9a2-462f-93c4-e65946d61c02', '{"sub": "1caa66a7-d9a2-462f-93c4-e65946d61c02", "email": "someone@email.com", "email_verified": false, "phone_verified": false}', 'email', '2024-03-05 16:20:21.660274+00', '2024-03-05 16:20:21.660292+00', '2024-03-05 16:20:21.660292+00', 'd75943f8-4ef2-4690-95af-d2e9cda392db'),
	('a23376db-215d-49c4-9d9d-791c26579543', 'a23376db-215d-49c4-9d9d-791c26579543', '{"sub": "a23376db-215d-49c4-9d9d-791c26579543", "email": "test4@test.com", "email_verified": false, "phone_verified": false}', 'email', '2024-03-19 18:42:48.184286+00', '2024-03-19 18:42:48.184314+00', '2024-03-19 18:42:48.184314+00', '3a7e7e73-99a6-4988-8399-283ad3fffdb6'),
	('df188225-8970-42a4-a54f-97b303c2b2ed', 'df188225-8970-42a4-a54f-97b303c2b2ed', '{"sub": "df188225-8970-42a4-a54f-97b303c2b2ed", "email": "test5@test.com", "email_verified": false, "phone_verified": false}', 'email', '2024-03-20 15:28:44.999614+00', '2024-03-20 15:28:44.999638+00', '2024-03-20 15:28:44.999638+00', '33bb9f73-e7b4-4ad7-941c-3e6121631ce5'),
	('bae9af94-3ee7-47dd-9389-181cd5906814', 'bae9af94-3ee7-47dd-9389-181cd5906814', '{"sub": "bae9af94-3ee7-47dd-9389-181cd5906814", "email": "test@test.com", "email_verified": false, "phone_verified": false}', 'email', '2024-03-26 13:26:01.834401+00', '2024-03-26 13:26:01.83444+00', '2024-03-26 13:26:01.83444+00', '8412cd73-8bb5-4756-8710-a8195c11dfb8'),
	('ec946adf-7315-4721-a238-ed600dd153d7', 'ec946adf-7315-4721-a238-ed600dd153d7', '{"sub": "ec946adf-7315-4721-a238-ed600dd153d7", "email": "test2@test.com", "email_verified": false, "phone_verified": false}', 'email', '2024-03-26 13:43:25.937675+00', '2024-03-26 13:43:25.937728+00', '2024-03-26 13:43:25.937728+00', '0e37cf84-44fc-44cf-9838-596070485990'),
	('b78eab21-c34e-41ef-9a72-64ee49f4cbc0', 'b78eab21-c34e-41ef-9a72-64ee49f4cbc0', '{"sub": "b78eab21-c34e-41ef-9a72-64ee49f4cbc0", "email": "test6@test.com", "email_verified": false, "phone_verified": false}', 'email', '2024-03-27 14:23:24.23297+00', '2024-03-27 14:23:24.232995+00', '2024-03-27 14:23:24.232995+00', '3e08e025-1a44-41ca-a5bc-975180ec4057'),
	('b00f3d62-4eb1-40ba-b73e-e3dc78eff08a', 'b00f3d62-4eb1-40ba-b73e-e3dc78eff08a', '{"sub": "b00f3d62-4eb1-40ba-b73e-e3dc78eff08a", "email": "test8@test.com", "email_verified": false, "phone_verified": false}', 'email', '2024-03-27 15:17:02.80911+00', '2024-03-27 15:17:02.809144+00', '2024-03-27 15:17:02.809144+00', 'd41041c4-0470-4270-8c04-ee10836a6e49'),
	('f885208b-ef4a-4f75-8543-a808db576a13', 'f885208b-ef4a-4f75-8543-a808db576a13', '{"sub": "f885208b-ef4a-4f75-8543-a808db576a13", "email": "test7@test.com", "email_verified": false, "phone_verified": false}', 'email', '2024-03-27 15:58:08.757066+00', '2024-03-27 15:58:08.757096+00', '2024-03-27 15:58:08.757096+00', '84ba1abd-1c76-42cb-abcb-8e9afff3a20c'),
	('df10c4ca-2f2a-4ff1-b2c6-68a51ca94cf9', 'df10c4ca-2f2a-4ff1-b2c6-68a51ca94cf9', '{"sub": "df10c4ca-2f2a-4ff1-b2c6-68a51ca94cf9", "email": "test10@test.com", "email_verified": false, "phone_verified": false}', 'email', '2024-03-27 16:09:26.188502+00', '2024-03-27 16:09:26.188531+00', '2024-03-27 16:09:26.188531+00', 'c136d41b-9029-44b5-9557-d31f5f86a8df'),
	('2ae7eb64-750a-42b9-8d8d-c8b9bf780092', '2ae7eb64-750a-42b9-8d8d-c8b9bf780092', '{"sub": "2ae7eb64-750a-42b9-8d8d-c8b9bf780092", "email": "test11@test.com", "email_verified": false, "phone_verified": false}', 'email', '2024-03-27 16:12:36.474881+00', '2024-03-27 16:12:36.474909+00', '2024-03-27 16:12:36.474909+00', '88238b38-8322-4188-b1f8-6bdb1be24b9d'),
	('111d3bed-1c92-4cf5-a66f-2ecaf3e717c3', '111d3bed-1c92-4cf5-a66f-2ecaf3e717c3', '{"sub": "111d3bed-1c92-4cf5-a66f-2ecaf3e717c3", "email": "test13@test.com", "email_verified": false, "phone_verified": false}', 'email', '2024-03-27 16:18:49.039164+00', '2024-03-27 16:18:49.039197+00', '2024-03-27 16:18:49.039197+00', 'dfe86529-b020-4a4f-97ec-80ecf5e18de6');



--
-- Data for Name: sessions; Type: TABLE DATA; Schema: auth; Owner: supabase_auth_admin
--

INSERT INTO "auth"."sessions" ("id", "user_id", "created_at", "updated_at", "factor_id", "aal", "not_after", "refreshed_at", "user_agent", "ip", "tag") VALUES
	('bbcd024c-ced7-4a5e-a835-585973a170da', '1caa66a7-d9a2-462f-93c4-e65946d61c02', '2024-03-05 16:20:21.673063+00', '2024-03-05 16:20:21.673063+00', NULL, 'aal1', NULL, NULL, 'curl/7.81.0', '172.18.0.1', NULL),
	('4c03eedf-a936-4315-9497-3daa7549d826', 'df188225-8970-42a4-a54f-97b303c2b2ed', '2024-03-20 15:28:45.005467+00', '2024-03-27 13:14:30.948873+00', NULL, 'aal1', NULL, '2024-03-27 13:14:30.94881', 'node', '192.168.65.1', NULL),
	('2971c683-db98-4085-91da-1faf2ddb71e4', 'f885208b-ef4a-4f75-8543-a808db576a13', '2024-03-27 15:58:08.761141+00', '2024-03-27 15:58:08.761141+00', NULL, 'aal1', NULL, NULL, 'Mozilla/5.0 (Macintosh; Intel Mac OS X 10_15_7) AppleWebKit/537.36 (KHTML, like Gecko) Chrome/123.0.0.0 Safari/537.36', '192.168.65.1', NULL),
	('d90cdfff-94c8-4a3e-9c28-80d064839cda', 'df10c4ca-2f2a-4ff1-b2c6-68a51ca94cf9', '2024-03-27 16:09:26.190736+00', '2024-03-27 16:09:26.190736+00', NULL, 'aal1', NULL, NULL, 'Mozilla/5.0 (Macintosh; Intel Mac OS X 10_15_7) AppleWebKit/605.1.15 (KHTML, like Gecko) Version/16.0 Safari/605.1.15', '192.168.65.1', NULL),
	('b7eed9b9-6a5a-4caf-a9cc-d909c86e8ce4', '2ae7eb64-750a-42b9-8d8d-c8b9bf780092', '2024-03-27 16:12:36.479266+00', '2024-03-27 16:12:36.479266+00', NULL, 'aal1', NULL, NULL, 'Mozilla/5.0 (Macintosh; Intel Mac OS X 10_15_7) AppleWebKit/537.36 (KHTML, like Gecko) Chrome/123.0.0.0 Safari/537.36', '192.168.65.1', NULL),
	('b9b588e8-7f7f-4f13-816c-68aab85cfef2', '111d3bed-1c92-4cf5-a66f-2ecaf3e717c3', '2024-03-27 16:18:49.044478+00', '2024-03-27 18:53:13.108184+00', NULL, 'aal1', NULL, '2024-03-27 18:53:13.108131', 'Mozilla/5.0 (Macintosh; Intel Mac OS X 10_15_7) AppleWebKit/605.1.15 (KHTML, like Gecko) Version/16.0 Safari/605.1.15', '192.168.65.1', NULL),
	('0a2c73ca-752a-45a0-9d65-494dac44c1fa', 'ec946adf-7315-4721-a238-ed600dd153d7', '2024-03-26 13:43:25.941006+00', '2024-03-26 16:38:24.705762+00', NULL, 'aal1', NULL, '2024-03-26 16:38:24.705687', 'node', '192.168.65.1', NULL),
	('6a8baafa-3de0-45e5-bf3b-b3e6f162b202', 'b00f3d62-4eb1-40ba-b73e-e3dc78eff08a', '2024-03-27 15:17:02.81368+00', '2024-03-27 19:04:24.851184+00', NULL, 'aal1', NULL, '2024-03-27 19:04:24.851089', 'node', '192.168.65.1', NULL),
	('0b849222-0486-42b0-b78f-19f8f28d0462', 'bae9af94-3ee7-47dd-9389-181cd5906814', '2024-03-26 13:26:01.84171+00', '2024-03-26 19:29:25.891851+00', NULL, 'aal1', NULL, '2024-03-26 19:29:25.891756', 'Mozilla/5.0 (Macintosh; Intel Mac OS X 10_15_7) AppleWebKit/537.36 (KHTML, like Gecko) Chrome/123.0.0.0 Safari/537.36', '192.168.65.1', NULL),
	('989db7c9-0d5f-4c66-a6c6-c350d0b62d93', 'a23376db-215d-49c4-9d9d-791c26579543', '2024-03-19 18:42:48.188973+00', '2024-03-20 14:01:58.315995+00', NULL, 'aal1', NULL, '2024-03-20 14:01:58.314276', 'node', '192.168.65.1', NULL);


--
-- Data for Name: mfa_amr_claims; Type: TABLE DATA; Schema: auth; Owner: supabase_auth_admin
--

INSERT INTO "auth"."mfa_amr_claims" ("session_id", "created_at", "updated_at", "authentication_method", "id") VALUES
	('bbcd024c-ced7-4a5e-a835-585973a170da', '2024-03-05 16:20:21.67379+00', '2024-03-05 16:20:21.67379+00', 'password', 'a0f28147-3610-4695-b4c2-defb7fe28862'),
	('989db7c9-0d5f-4c66-a6c6-c350d0b62d93', '2024-03-19 18:42:48.191624+00', '2024-03-19 18:42:48.191624+00', 'password', '82f16c2a-f041-4adc-999b-151fc389cf7a'),
	('4c03eedf-a936-4315-9497-3daa7549d826', '2024-03-20 15:28:45.010246+00', '2024-03-20 15:28:45.010246+00', 'password', '2b1ef24f-f170-418b-852d-446ea4b3c503'),
	('0b849222-0486-42b0-b78f-19f8f28d0462', '2024-03-26 13:26:01.845716+00', '2024-03-26 13:26:01.845716+00', 'password', '27b95ef5-7f0b-4bda-bd39-9d16ca78132d'),
	('0a2c73ca-752a-45a0-9d65-494dac44c1fa', '2024-03-26 13:43:25.943737+00', '2024-03-26 13:43:25.943737+00', 'password', 'fc97791e-6a3b-49d1-b9cc-71d28e1c73c8'),
	('6a8baafa-3de0-45e5-bf3b-b3e6f162b202', '2024-03-27 15:17:02.816835+00', '2024-03-27 15:17:02.816835+00', 'password', 'a99e3c1b-a3f7-4acc-936f-baa5a7d0bd79'),
	('2971c683-db98-4085-91da-1faf2ddb71e4', '2024-03-27 15:58:08.76447+00', '2024-03-27 15:58:08.76447+00', 'password', 'f6def15b-193d-40ee-b9c7-f737b38f1e7d'),
	('d90cdfff-94c8-4a3e-9c28-80d064839cda', '2024-03-27 16:09:26.193147+00', '2024-03-27 16:09:26.193147+00', 'password', 'fc3cca4a-d1cc-432a-b7b8-05c932061cf2'),
	('b7eed9b9-6a5a-4caf-a9cc-d909c86e8ce4', '2024-03-27 16:12:36.482194+00', '2024-03-27 16:12:36.482194+00', 'password', 'e0727084-36dd-48cf-9b66-ed0e4ee03c42'),
	('b9b588e8-7f7f-4f13-816c-68aab85cfef2', '2024-03-27 16:18:49.047205+00', '2024-03-27 16:18:49.047205+00', 'password', '6b4f835c-6e52-41d7-90fd-761fcecc2fed');


--
-- Data for Name: refresh_tokens; Type: TABLE DATA; Schema: auth; Owner: supabase_auth_admin
--

INSERT INTO "auth"."refresh_tokens" ("instance_id", "id", "token", "user_id", "revoked", "created_at", "updated_at", "parent", "session_id") VALUES
	('00000000-0000-0000-0000-000000000000', 2, 'JKvmSignS5fOGJPpc96HXA', '1caa66a7-d9a2-462f-93c4-e65946d61c02', false, '2024-03-05 16:20:21.673358+00', '2024-03-05 16:20:21.673358+00', NULL, 'bbcd024c-ced7-4a5e-a835-585973a170da'),
	('00000000-0000-0000-0000-000000000000', 3, 'L4FuWu16arvUJ1l-9b6G6A', 'a23376db-215d-49c4-9d9d-791c26579543', true, '2024-03-19 18:42:48.190161+00', '2024-03-19 19:40:55.542121+00', NULL, '989db7c9-0d5f-4c66-a6c6-c350d0b62d93'),
	('00000000-0000-0000-0000-000000000000', 4, 'S9MR59fKzAlbO3oqmbokhg', 'a23376db-215d-49c4-9d9d-791c26579543', true, '2024-03-19 19:40:55.544065+00', '2024-03-19 20:39:10.449745+00', 'L4FuWu16arvUJ1l-9b6G6A', '989db7c9-0d5f-4c66-a6c6-c350d0b62d93'),
	('00000000-0000-0000-0000-000000000000', 5, 'qJCzPvGvSP9LnbJGhiBJZg', 'a23376db-215d-49c4-9d9d-791c26579543', true, '2024-03-19 20:39:10.451669+00', '2024-03-19 21:37:10.660801+00', 'S9MR59fKzAlbO3oqmbokhg', '989db7c9-0d5f-4c66-a6c6-c350d0b62d93'),
	('00000000-0000-0000-0000-000000000000', 6, 'JOBBv_gPnNxYpm6dy8hnOg', 'a23376db-215d-49c4-9d9d-791c26579543', true, '2024-03-19 21:37:10.663219+00', '2024-03-19 22:22:34.664785+00', 'qJCzPvGvSP9LnbJGhiBJZg', '989db7c9-0d5f-4c66-a6c6-c350d0b62d93'),
	('00000000-0000-0000-0000-000000000000', 7, 'Iy51T9zjp82A9cECtJCB1g', 'a23376db-215d-49c4-9d9d-791c26579543', true, '2024-03-19 22:22:34.668718+00', '2024-03-19 23:20:50.381582+00', 'JOBBv_gPnNxYpm6dy8hnOg', '989db7c9-0d5f-4c66-a6c6-c350d0b62d93'),
	('00000000-0000-0000-0000-000000000000', 8, 'jtpawqVghnj4HzhlhrEiLg', 'a23376db-215d-49c4-9d9d-791c26579543', true, '2024-03-19 23:20:50.384032+00', '2024-03-20 00:16:02.710958+00', 'Iy51T9zjp82A9cECtJCB1g', '989db7c9-0d5f-4c66-a6c6-c350d0b62d93'),
	('00000000-0000-0000-0000-000000000000', 9, '2jQp2uYSXqHYXmpukh7vJA', 'a23376db-215d-49c4-9d9d-791c26579543', true, '2024-03-20 00:16:02.712117+00', '2024-03-20 01:01:32.030028+00', 'jtpawqVghnj4HzhlhrEiLg', '989db7c9-0d5f-4c66-a6c6-c350d0b62d93'),
	('00000000-0000-0000-0000-000000000000', 10, 'h7RZQ24OGLeWtDqz1U8wTQ', 'a23376db-215d-49c4-9d9d-791c26579543', true, '2024-03-20 01:01:32.032465+00', '2024-03-20 01:56:37.379391+00', '2jQp2uYSXqHYXmpukh7vJA', '989db7c9-0d5f-4c66-a6c6-c350d0b62d93'),
	('00000000-0000-0000-0000-000000000000', 11, 'GwukT8J8vvImDGpV-ulvjw', 'a23376db-215d-49c4-9d9d-791c26579543', true, '2024-03-20 01:56:37.38173+00', '2024-03-20 02:53:05.360833+00', 'h7RZQ24OGLeWtDqz1U8wTQ', '989db7c9-0d5f-4c66-a6c6-c350d0b62d93'),
	('00000000-0000-0000-0000-000000000000', 12, 'ebdnq-d_fHGfDOqvZ4Rj4Q', 'a23376db-215d-49c4-9d9d-791c26579543', true, '2024-03-20 02:53:05.363142+00', '2024-03-20 03:51:05.986245+00', 'GwukT8J8vvImDGpV-ulvjw', '989db7c9-0d5f-4c66-a6c6-c350d0b62d93'),
	('00000000-0000-0000-0000-000000000000', 13, 'AwrdEtgIGRHQgblBQjDpGQ', 'a23376db-215d-49c4-9d9d-791c26579543', true, '2024-03-20 03:51:05.986852+00', '2024-03-20 04:36:17.258739+00', 'ebdnq-d_fHGfDOqvZ4Rj4Q', '989db7c9-0d5f-4c66-a6c6-c350d0b62d93'),
	('00000000-0000-0000-0000-000000000000', 14, 'c3WEnveUj9G_cWtEuWVSIw', 'a23376db-215d-49c4-9d9d-791c26579543', true, '2024-03-20 04:36:17.259461+00', '2024-03-20 05:28:47.148626+00', 'AwrdEtgIGRHQgblBQjDpGQ', '989db7c9-0d5f-4c66-a6c6-c350d0b62d93'),
	('00000000-0000-0000-0000-000000000000', 15, 'sAqTqhg5Agab9TMzcT-Wug', 'a23376db-215d-49c4-9d9d-791c26579543', true, '2024-03-20 05:28:47.156333+00', '2024-03-20 06:27:05.487952+00', 'c3WEnveUj9G_cWtEuWVSIw', '989db7c9-0d5f-4c66-a6c6-c350d0b62d93'),
	('00000000-0000-0000-0000-000000000000', 16, 'mB8gPCd61JixJLm0BwKyIg', 'a23376db-215d-49c4-9d9d-791c26579543', true, '2024-03-20 06:27:05.488784+00', '2024-03-20 07:21:34.934337+00', 'sAqTqhg5Agab9TMzcT-Wug', '989db7c9-0d5f-4c66-a6c6-c350d0b62d93'),
	('00000000-0000-0000-0000-000000000000', 17, 'ttJ7wE78m0GJpqwgrc6Q5g', 'a23376db-215d-49c4-9d9d-791c26579543', true, '2024-03-20 07:21:34.936272+00', '2024-03-20 08:08:29.224558+00', 'mB8gPCd61JixJLm0BwKyIg', '989db7c9-0d5f-4c66-a6c6-c350d0b62d93'),
	('00000000-0000-0000-0000-000000000000', 18, 'FVXhTbv2yzPta1XR-K63Ww', 'a23376db-215d-49c4-9d9d-791c26579543', true, '2024-03-20 08:08:29.225768+00', '2024-03-20 09:01:59.740249+00', 'ttJ7wE78m0GJpqwgrc6Q5g', '989db7c9-0d5f-4c66-a6c6-c350d0b62d93'),
	('00000000-0000-0000-0000-000000000000', 19, 'nMwph_4Cj0XKzAAbV1jneQ', 'a23376db-215d-49c4-9d9d-791c26579543', true, '2024-03-20 09:01:59.741417+00', '2024-03-20 09:52:09.981486+00', 'FVXhTbv2yzPta1XR-K63Ww', '989db7c9-0d5f-4c66-a6c6-c350d0b62d93'),
	('00000000-0000-0000-0000-000000000000', 20, 'TeI_O9j--e0Xw00P3meeQQ', 'a23376db-215d-49c4-9d9d-791c26579543', true, '2024-03-20 09:52:09.994858+00', '2024-03-20 10:46:12.324413+00', 'nMwph_4Cj0XKzAAbV1jneQ', '989db7c9-0d5f-4c66-a6c6-c350d0b62d93'),
	('00000000-0000-0000-0000-000000000000', 21, 'Rbe9OedDYuK8nVb3M1IW-g', 'a23376db-215d-49c4-9d9d-791c26579543', true, '2024-03-20 10:46:12.329558+00', '2024-03-20 11:34:49.677524+00', 'TeI_O9j--e0Xw00P3meeQQ', '989db7c9-0d5f-4c66-a6c6-c350d0b62d93'),
	('00000000-0000-0000-0000-000000000000', 22, 'u1kkszzKRekLhzx4lWqA7Q', 'a23376db-215d-49c4-9d9d-791c26579543', true, '2024-03-20 11:34:49.678362+00', '2024-03-20 12:30:36.334662+00', 'Rbe9OedDYuK8nVb3M1IW-g', '989db7c9-0d5f-4c66-a6c6-c350d0b62d93'),
	('00000000-0000-0000-0000-000000000000', 23, 'saB98w2-Dw5bBXKt8j6IbA', 'a23376db-215d-49c4-9d9d-791c26579543', true, '2024-03-20 12:30:36.336251+00', '2024-03-20 13:17:46.666232+00', 'u1kkszzKRekLhzx4lWqA7Q', '989db7c9-0d5f-4c66-a6c6-c350d0b62d93'),
	('00000000-0000-0000-0000-000000000000', 24, 'mPPuYMiigKJRItOXFjSTFA', 'a23376db-215d-49c4-9d9d-791c26579543', true, '2024-03-20 13:17:46.667109+00', '2024-03-20 14:01:58.307303+00', 'saB98w2-Dw5bBXKt8j6IbA', '989db7c9-0d5f-4c66-a6c6-c350d0b62d93'),
	('00000000-0000-0000-0000-000000000000', 25, 'xPZaZMQmUDzP9QxuRW5scQ', 'a23376db-215d-49c4-9d9d-791c26579543', true, '2024-03-20 14:01:58.308979+00', '2024-03-20 14:27:57.976873+00', 'mPPuYMiigKJRItOXFjSTFA', '989db7c9-0d5f-4c66-a6c6-c350d0b62d93'),
	('00000000-0000-0000-0000-000000000000', 26, 'QszjQr1MzpmAowsRuOs-5w', 'df188225-8970-42a4-a54f-97b303c2b2ed', true, '2024-03-20 15:28:45.007062+00', '2024-03-20 16:39:01.002607+00', NULL, '4c03eedf-a936-4315-9497-3daa7549d826'),
	('00000000-0000-0000-0000-000000000000', 27, 'hMbM9j2deRvAguW_MaIwKA', 'df188225-8970-42a4-a54f-97b303c2b2ed', true, '2024-03-20 16:39:01.010378+00', '2024-03-20 17:42:32.94396+00', 'QszjQr1MzpmAowsRuOs-5w', '4c03eedf-a936-4315-9497-3daa7549d826'),
	('00000000-0000-0000-0000-000000000000', 28, 'ztUMBCXjech2EeL3BWvCsw', 'df188225-8970-42a4-a54f-97b303c2b2ed', true, '2024-03-20 17:42:32.950699+00', '2024-03-20 18:42:37.324956+00', 'hMbM9j2deRvAguW_MaIwKA', '4c03eedf-a936-4315-9497-3daa7549d826'),
	('00000000-0000-0000-0000-000000000000', 29, 'yvulkRlbinH4vHarrYIL_w', 'df188225-8970-42a4-a54f-97b303c2b2ed', true, '2024-03-20 18:42:37.328029+00', '2024-03-20 19:41:19.936327+00', 'ztUMBCXjech2EeL3BWvCsw', '4c03eedf-a936-4315-9497-3daa7549d826'),
	('00000000-0000-0000-0000-000000000000', 30, 'l46RmE4kiS9gnCYH01neow', 'df188225-8970-42a4-a54f-97b303c2b2ed', true, '2024-03-20 19:41:19.94073+00', '2024-03-20 20:39:40.531302+00', 'yvulkRlbinH4vHarrYIL_w', '4c03eedf-a936-4315-9497-3daa7549d826'),
	('00000000-0000-0000-0000-000000000000', 31, 'IKZ1Q2X8a6T8Q6g3Mastyg', 'df188225-8970-42a4-a54f-97b303c2b2ed', true, '2024-03-20 20:39:40.536929+00', '2024-03-20 21:37:49.771408+00', 'l46RmE4kiS9gnCYH01neow', '4c03eedf-a936-4315-9497-3daa7549d826'),
	('00000000-0000-0000-0000-000000000000', 32, 'F6RB4s30u6nQbS5xKsvt_Q', 'df188225-8970-42a4-a54f-97b303c2b2ed', true, '2024-03-20 21:37:49.810518+00', '2024-03-21 15:06:08.006019+00', 'IKZ1Q2X8a6T8Q6g3Mastyg', '4c03eedf-a936-4315-9497-3daa7549d826'),
	('00000000-0000-0000-0000-000000000000', 33, 'M_wupiP6HSkPASwRUvCQVA', 'df188225-8970-42a4-a54f-97b303c2b2ed', true, '2024-03-21 15:06:08.013718+00', '2024-03-21 16:43:52.688068+00', 'F6RB4s30u6nQbS5xKsvt_Q', '4c03eedf-a936-4315-9497-3daa7549d826'),
	('00000000-0000-0000-0000-000000000000', 34, 'Z5Le3Wpyee5vMsYU1Q1qjg', 'df188225-8970-42a4-a54f-97b303c2b2ed', true, '2024-03-21 16:43:52.694044+00', '2024-03-23 18:31:43.824532+00', 'M_wupiP6HSkPASwRUvCQVA', '4c03eedf-a936-4315-9497-3daa7549d826'),
	('00000000-0000-0000-0000-000000000000', 35, 'kuZ2BkYd_AbUkEMMjBQE1g', 'df188225-8970-42a4-a54f-97b303c2b2ed', true, '2024-03-23 18:31:43.838198+00', '2024-03-23 19:55:45.226685+00', 'Z5Le3Wpyee5vMsYU1Q1qjg', '4c03eedf-a936-4315-9497-3daa7549d826'),
	('00000000-0000-0000-0000-000000000000', 36, 'L4xIyYKtQM5fSXAq1j3Itg', 'df188225-8970-42a4-a54f-97b303c2b2ed', true, '2024-03-23 19:55:45.231424+00', '2024-03-23 22:30:58.452386+00', 'kuZ2BkYd_AbUkEMMjBQE1g', '4c03eedf-a936-4315-9497-3daa7549d826'),
	('00000000-0000-0000-0000-000000000000', 37, 'cYvvn6Cp6G1UNV7ofd_u-w', 'df188225-8970-42a4-a54f-97b303c2b2ed', true, '2024-03-23 22:30:58.454015+00', '2024-03-24 17:42:51.38915+00', 'L4xIyYKtQM5fSXAq1j3Itg', '4c03eedf-a936-4315-9497-3daa7549d826'),
	('00000000-0000-0000-0000-000000000000', 38, 'XQCAOLWAZo8_p_eZZOD1MQ', 'df188225-8970-42a4-a54f-97b303c2b2ed', true, '2024-03-24 17:42:51.391664+00', '2024-03-25 05:14:37.215226+00', 'cYvvn6Cp6G1UNV7ofd_u-w', '4c03eedf-a936-4315-9497-3daa7549d826'),
	('00000000-0000-0000-0000-000000000000', 39, 'rIpH4_hFkkY6vBKm9n18JQ', 'df188225-8970-42a4-a54f-97b303c2b2ed', true, '2024-03-25 05:14:37.216606+00', '2024-03-25 13:35:34.98851+00', 'XQCAOLWAZo8_p_eZZOD1MQ', '4c03eedf-a936-4315-9497-3daa7549d826'),
	('00000000-0000-0000-0000-000000000000', 40, 'Kf9myBrSbh8Wy6jUJ9GyuA', 'df188225-8970-42a4-a54f-97b303c2b2ed', true, '2024-03-25 13:35:34.991356+00', '2024-03-25 14:37:34.197295+00', 'rIpH4_hFkkY6vBKm9n18JQ', '4c03eedf-a936-4315-9497-3daa7549d826'),
	('00000000-0000-0000-0000-000000000000', 41, 'Nm8J6eGZjkJQDCpJD5-w6g', 'df188225-8970-42a4-a54f-97b303c2b2ed', true, '2024-03-25 14:37:34.204399+00', '2024-03-25 15:36:28.171024+00', 'Kf9myBrSbh8Wy6jUJ9GyuA', '4c03eedf-a936-4315-9497-3daa7549d826'),
	('00000000-0000-0000-0000-000000000000', 42, 'xe8HPi1qv7FG1TidjV57Cw', 'df188225-8970-42a4-a54f-97b303c2b2ed', true, '2024-03-25 15:36:28.172262+00', '2024-03-25 16:50:28.070643+00', 'Nm8J6eGZjkJQDCpJD5-w6g', '4c03eedf-a936-4315-9497-3daa7549d826'),
	('00000000-0000-0000-0000-000000000000', 43, 'zUfLgqUXTp5kOYfqTDAnOA', 'df188225-8970-42a4-a54f-97b303c2b2ed', true, '2024-03-25 16:50:28.07162+00', '2024-03-25 17:40:24.487422+00', 'xe8HPi1qv7FG1TidjV57Cw', '4c03eedf-a936-4315-9497-3daa7549d826'),
	('00000000-0000-0000-0000-000000000000', 44, 'T6v56bysR0CPqAqonLYxwQ', 'df188225-8970-42a4-a54f-97b303c2b2ed', true, '2024-03-25 17:40:24.489018+00', '2024-03-25 19:15:56.724722+00', 'zUfLgqUXTp5kOYfqTDAnOA', '4c03eedf-a936-4315-9497-3daa7549d826'),
	('00000000-0000-0000-0000-000000000000', 45, 'ZRMl1vVM5ouoXaU5fMMBDg', 'df188225-8970-42a4-a54f-97b303c2b2ed', true, '2024-03-25 19:15:56.726385+00', '2024-03-25 20:14:15.722082+00', 'T6v56bysR0CPqAqonLYxwQ', '4c03eedf-a936-4315-9497-3daa7549d826'),
	('00000000-0000-0000-0000-000000000000', 46, 'wVIAQpTqrDpsjGV459Wa1Q', 'df188225-8970-42a4-a54f-97b303c2b2ed', true, '2024-03-25 20:14:15.723369+00', '2024-03-25 21:12:48.551274+00', 'ZRMl1vVM5ouoXaU5fMMBDg', '4c03eedf-a936-4315-9497-3daa7549d826'),
	('00000000-0000-0000-0000-000000000000', 65, 'ONkuSbHHY9Q9cfRiYwGToQ', 'df188225-8970-42a4-a54f-97b303c2b2ed', true, '2024-03-26 20:31:31.354908+00', '2024-03-26 21:29:39.716488+00', 'CDkuHD1u8dnEzZxi87jbVg', '4c03eedf-a936-4315-9497-3daa7549d826'),
	('00000000-0000-0000-0000-000000000000', 47, 'ZYWIThWnLUQ7ahoJzMvDXg', 'df188225-8970-42a4-a54f-97b303c2b2ed', true, '2024-03-25 21:12:48.552641+00', '2024-03-25 22:11:05.704435+00', 'wVIAQpTqrDpsjGV459Wa1Q', '4c03eedf-a936-4315-9497-3daa7549d826'),
	('00000000-0000-0000-0000-000000000000', 66, 'nINlH2XiP6_Qt28a_qr1UQ', 'df188225-8970-42a4-a54f-97b303c2b2ed', true, '2024-03-26 21:29:39.719692+00', '2024-03-26 22:27:40.80758+00', 'ONkuSbHHY9Q9cfRiYwGToQ', '4c03eedf-a936-4315-9497-3daa7549d826'),
	('00000000-0000-0000-0000-000000000000', 48, 'OV-c9HHBELmNdUi2jOkOfQ', 'df188225-8970-42a4-a54f-97b303c2b2ed', true, '2024-03-25 22:11:05.706871+00', '2024-03-25 23:16:42.683287+00', 'ZYWIThWnLUQ7ahoJzMvDXg', '4c03eedf-a936-4315-9497-3daa7549d826'),
	('00000000-0000-0000-0000-000000000000', 49, 'j8bzuqur1SmUyng6TNPtBQ', 'df188225-8970-42a4-a54f-97b303c2b2ed', true, '2024-03-25 23:16:42.684201+00', '2024-03-26 02:01:23.188253+00', 'OV-c9HHBELmNdUi2jOkOfQ', '4c03eedf-a936-4315-9497-3daa7549d826'),
	('00000000-0000-0000-0000-000000000000', 67, 'VkerrsvGkUJC8bhT7_KwTg', 'df188225-8970-42a4-a54f-97b303c2b2ed', true, '2024-03-26 22:27:40.80878+00', '2024-03-26 23:19:58.794859+00', 'nINlH2XiP6_Qt28a_qr1UQ', '4c03eedf-a936-4315-9497-3daa7549d826'),
	('00000000-0000-0000-0000-000000000000', 50, 'iUix7KxuDW_DfXG4NHD9rg', 'df188225-8970-42a4-a54f-97b303c2b2ed', true, '2024-03-26 02:01:23.191118+00', '2024-03-26 12:36:13.963954+00', 'j8bzuqur1SmUyng6TNPtBQ', '4c03eedf-a936-4315-9497-3daa7549d826'),
	('00000000-0000-0000-0000-000000000000', 68, 'EDIUYJCJuUmCmWYNas-nUA', 'df188225-8970-42a4-a54f-97b303c2b2ed', true, '2024-03-26 23:19:58.796589+00', '2024-03-27 00:16:43.01173+00', 'VkerrsvGkUJC8bhT7_KwTg', '4c03eedf-a936-4315-9497-3daa7549d826'),
	('00000000-0000-0000-0000-000000000000', 51, '7OGuyTYvRjVe7SY5KWyjHA', 'df188225-8970-42a4-a54f-97b303c2b2ed', true, '2024-03-26 12:36:13.970392+00', '2024-03-26 13:42:28.034393+00', 'iUix7KxuDW_DfXG4NHD9rg', '4c03eedf-a936-4315-9497-3daa7549d826'),
	('00000000-0000-0000-0000-000000000000', 69, 'KNIY2CE0nDiFZxdf6RzU9g', 'df188225-8970-42a4-a54f-97b303c2b2ed', true, '2024-03-27 00:16:43.012703+00', '2024-03-27 01:10:41.885705+00', 'EDIUYJCJuUmCmWYNas-nUA', '4c03eedf-a936-4315-9497-3daa7549d826'),
	('00000000-0000-0000-0000-000000000000', 52, '5bia8jFt6ug3QXU1ZS2CWA', 'bae9af94-3ee7-47dd-9389-181cd5906814', true, '2024-03-26 13:26:01.843006+00', '2024-03-26 14:24:26.504262+00', NULL, '0b849222-0486-42b0-b78f-19f8f28d0462'),
	('00000000-0000-0000-0000-000000000000', 53, 'CmSb4DHbDOKncyxkJ-N5ew', 'df188225-8970-42a4-a54f-97b303c2b2ed', true, '2024-03-26 13:42:28.03742+00', '2024-03-26 14:40:45.984429+00', '7OGuyTYvRjVe7SY5KWyjHA', '4c03eedf-a936-4315-9497-3daa7549d826'),
	('00000000-0000-0000-0000-000000000000', 70, '-gDuTyApkUUaDrp4ybnDcw', 'df188225-8970-42a4-a54f-97b303c2b2ed', true, '2024-03-27 01:10:41.887405+00', '2024-03-27 02:09:05.287213+00', 'KNIY2CE0nDiFZxdf6RzU9g', '4c03eedf-a936-4315-9497-3daa7549d826'),
	('00000000-0000-0000-0000-000000000000', 54, 'wYxIxadhrHqNZv6kq7tJMg', 'ec946adf-7315-4721-a238-ed600dd153d7', true, '2024-03-26 13:43:25.942171+00', '2024-03-26 14:41:48.756697+00', NULL, '0a2c73ca-752a-45a0-9d65-494dac44c1fa'),
	('00000000-0000-0000-0000-000000000000', 57, 'y-TZu93NGKovSYfFC9Ngbw', 'ec946adf-7315-4721-a238-ed600dd153d7', true, '2024-03-26 14:41:48.75813+00', '2024-03-26 15:40:17.085802+00', 'wYxIxadhrHqNZv6kq7tJMg', '0a2c73ca-752a-45a0-9d65-494dac44c1fa'),
	('00000000-0000-0000-0000-000000000000', 71, '1R4csj70hOUSu_RYt_6DEA', 'df188225-8970-42a4-a54f-97b303c2b2ed', true, '2024-03-27 02:09:05.296155+00', '2024-03-27 02:53:48.49682+00', '-gDuTyApkUUaDrp4ybnDcw', '4c03eedf-a936-4315-9497-3daa7549d826'),
	('00000000-0000-0000-0000-000000000000', 56, 'xY-D0bYbtOhsh3KAzzDl0A', 'df188225-8970-42a4-a54f-97b303c2b2ed', true, '2024-03-26 14:40:45.985966+00', '2024-03-26 16:01:10.928003+00', 'CmSb4DHbDOKncyxkJ-N5ew', '4c03eedf-a936-4315-9497-3daa7549d826'),
	('00000000-0000-0000-0000-000000000000', 58, 'nHKZxZaXXZaxNgTWPhmfZg', 'ec946adf-7315-4721-a238-ed600dd153d7', true, '2024-03-26 15:40:17.089652+00', '2024-03-26 16:38:24.699841+00', 'y-TZu93NGKovSYfFC9Ngbw', '0a2c73ca-752a-45a0-9d65-494dac44c1fa'),
	('00000000-0000-0000-0000-000000000000', 72, 'mnwFcnXN6vWkPMtSyrYa6g', 'df188225-8970-42a4-a54f-97b303c2b2ed', true, '2024-03-27 02:53:48.498336+00', '2024-03-27 03:50:36.114137+00', '1R4csj70hOUSu_RYt_6DEA', '4c03eedf-a936-4315-9497-3daa7549d826'),
	('00000000-0000-0000-0000-000000000000', 55, 'WsMVe7E8qleIqNV48yY_Lw', 'bae9af94-3ee7-47dd-9389-181cd5906814', true, '2024-03-26 14:24:26.506835+00', '2024-03-26 17:10:18.157359+00', '5bia8jFt6ug3QXU1ZS2CWA', '0b849222-0486-42b0-b78f-19f8f28d0462'),
	('00000000-0000-0000-0000-000000000000', 59, 'Uiua5N2znRGEsNCQ1mr1Gg', 'df188225-8970-42a4-a54f-97b303c2b2ed', true, '2024-03-26 16:01:10.930022+00', '2024-03-26 17:10:18.35633+00', 'xY-D0bYbtOhsh3KAzzDl0A', '4c03eedf-a936-4315-9497-3daa7549d826'),
	('00000000-0000-0000-0000-000000000000', 60, 'WSZjBP0IdUy_l4ngfVzBmw', 'ec946adf-7315-4721-a238-ed600dd153d7', true, '2024-03-26 16:38:24.701488+00', '2024-03-26 17:10:18.338773+00', 'nHKZxZaXXZaxNgTWPhmfZg', '0a2c73ca-752a-45a0-9d65-494dac44c1fa'),
	('00000000-0000-0000-0000-000000000000', 73, 'uBrtVZZI8fUdn7M9Jbz3zA', 'df188225-8970-42a4-a54f-97b303c2b2ed', true, '2024-03-27 03:50:36.116879+00', '2024-03-27 04:36:13.359009+00', 'mnwFcnXN6vWkPMtSyrYa6g', '4c03eedf-a936-4315-9497-3daa7549d826'),
	('00000000-0000-0000-0000-000000000000', 62, 'TrMuhNNpWNPmOqk4LpDA3Q', 'df188225-8970-42a4-a54f-97b303c2b2ed', true, '2024-03-26 17:10:18.366596+00', '2024-03-26 19:19:03.372075+00', 'Uiua5N2znRGEsNCQ1mr1Gg', '4c03eedf-a936-4315-9497-3daa7549d826'),
	('00000000-0000-0000-0000-000000000000', 61, '9Pxx9LsMEMqYM9KFge0tuQ', 'bae9af94-3ee7-47dd-9389-181cd5906814', true, '2024-03-26 17:10:18.171262+00', '2024-03-26 19:29:25.878048+00', 'WsMVe7E8qleIqNV48yY_Lw', '0b849222-0486-42b0-b78f-19f8f28d0462'),
	('00000000-0000-0000-0000-000000000000', 64, '0a9G1gJ0TKXpV4AK_6yKtw', 'bae9af94-3ee7-47dd-9389-181cd5906814', false, '2024-03-26 19:29:25.880931+00', '2024-03-26 19:29:25.880931+00', '9Pxx9LsMEMqYM9KFge0tuQ', '0b849222-0486-42b0-b78f-19f8f28d0462'),
	('00000000-0000-0000-0000-000000000000', 63, 'CDkuHD1u8dnEzZxi87jbVg', 'df188225-8970-42a4-a54f-97b303c2b2ed', true, '2024-03-26 19:19:03.376896+00', '2024-03-26 20:31:31.353115+00', 'TrMuhNNpWNPmOqk4LpDA3Q', '4c03eedf-a936-4315-9497-3daa7549d826'),
	('00000000-0000-0000-0000-000000000000', 74, 'xLK1LxRJYoJ-ZBAwL9C_Iw', 'df188225-8970-42a4-a54f-97b303c2b2ed', true, '2024-03-27 04:36:13.360188+00', '2024-03-27 05:19:29.367636+00', 'uBrtVZZI8fUdn7M9Jbz3zA', '4c03eedf-a936-4315-9497-3daa7549d826'),
	('00000000-0000-0000-0000-000000000000', 75, 'h-HTVyXY6woJKvBz-B1omA', 'df188225-8970-42a4-a54f-97b303c2b2ed', true, '2024-03-27 05:19:29.368692+00', '2024-03-27 06:16:38.655814+00', 'xLK1LxRJYoJ-ZBAwL9C_Iw', '4c03eedf-a936-4315-9497-3daa7549d826'),
	('00000000-0000-0000-0000-000000000000', 76, 'pT8kR9REbicQglViqRoAdQ', 'df188225-8970-42a4-a54f-97b303c2b2ed', true, '2024-03-27 06:16:38.660388+00', '2024-03-27 07:11:52.847336+00', 'h-HTVyXY6woJKvBz-B1omA', '4c03eedf-a936-4315-9497-3daa7549d826'),
	('00000000-0000-0000-0000-000000000000', 77, 'H2CEEcA5pXKt2bo50ODHrQ', 'df188225-8970-42a4-a54f-97b303c2b2ed', true, '2024-03-27 07:11:52.850882+00', '2024-03-27 08:00:35.477351+00', 'pT8kR9REbicQglViqRoAdQ', '4c03eedf-a936-4315-9497-3daa7549d826'),
	('00000000-0000-0000-0000-000000000000', 78, '97bXemWF4mI7viU52pYUkw', 'df188225-8970-42a4-a54f-97b303c2b2ed', true, '2024-03-27 08:00:35.478429+00', '2024-03-27 08:46:51.516148+00', 'H2CEEcA5pXKt2bo50ODHrQ', '4c03eedf-a936-4315-9497-3daa7549d826'),
	('00000000-0000-0000-0000-000000000000', 79, '6hRUXHBrz3pJJWmUE7AOjQ', 'df188225-8970-42a4-a54f-97b303c2b2ed', true, '2024-03-27 08:46:51.518678+00', '2024-03-27 09:37:29.363418+00', '97bXemWF4mI7viU52pYUkw', '4c03eedf-a936-4315-9497-3daa7549d826'),
	('00000000-0000-0000-0000-000000000000', 80, 'hAzZxzze-uN8NCGQTfpiYQ', 'df188225-8970-42a4-a54f-97b303c2b2ed', true, '2024-03-27 09:37:29.366127+00', '2024-03-27 10:22:41.429882+00', '6hRUXHBrz3pJJWmUE7AOjQ', '4c03eedf-a936-4315-9497-3daa7549d826'),
	('00000000-0000-0000-0000-000000000000', 81, 'KDjAyyXGEiPfKvlOGFk1kQ', 'df188225-8970-42a4-a54f-97b303c2b2ed', true, '2024-03-27 10:22:41.432606+00', '2024-03-27 11:30:37.76849+00', 'hAzZxzze-uN8NCGQTfpiYQ', '4c03eedf-a936-4315-9497-3daa7549d826'),
	('00000000-0000-0000-0000-000000000000', 82, 'c0lZdH7nDCgh5fcTxyglYA', 'df188225-8970-42a4-a54f-97b303c2b2ed', true, '2024-03-27 11:30:37.769927+00', '2024-03-27 12:29:00.495616+00', 'KDjAyyXGEiPfKvlOGFk1kQ', '4c03eedf-a936-4315-9497-3daa7549d826'),
	('00000000-0000-0000-0000-000000000000', 83, '95WM0MJlx-ZncXbWi7mAfA', 'df188225-8970-42a4-a54f-97b303c2b2ed', true, '2024-03-27 12:29:00.498271+00', '2024-03-27 13:14:30.944641+00', 'c0lZdH7nDCgh5fcTxyglYA', '4c03eedf-a936-4315-9497-3daa7549d826'),
	('00000000-0000-0000-0000-000000000000', 84, 'zoJCPjW_waYpePn5xvAPXg', 'df188225-8970-42a4-a54f-97b303c2b2ed', true, '2024-03-27 13:14:30.946078+00', '2024-03-27 13:36:04.653783+00', '95WM0MJlx-ZncXbWi7mAfA', '4c03eedf-a936-4315-9497-3daa7549d826'),
	('00000000-0000-0000-0000-000000000000', 87, 'S7ub8wjxBzWAVzShLBHatQ', 'f885208b-ef4a-4f75-8543-a808db576a13', false, '2024-03-27 15:58:08.76212+00', '2024-03-27 15:58:08.76212+00', NULL, '2971c683-db98-4085-91da-1faf2ddb71e4'),
	('00000000-0000-0000-0000-000000000000', 88, 'M8WQMmPxoLJHqb4_cPkkkg', 'df10c4ca-2f2a-4ff1-b2c6-68a51ca94cf9', false, '2024-03-27 16:09:26.191324+00', '2024-03-27 16:09:26.191324+00', NULL, 'd90cdfff-94c8-4a3e-9c28-80d064839cda'),
	('00000000-0000-0000-0000-000000000000', 89, 'HbF8i5mkEnn8iTtcpbbMoA', '2ae7eb64-750a-42b9-8d8d-c8b9bf780092', false, '2024-03-27 16:12:36.479934+00', '2024-03-27 16:12:36.479934+00', NULL, 'b7eed9b9-6a5a-4caf-a9cc-d909c86e8ce4'),
	('00000000-0000-0000-0000-000000000000', 86, 'NBaVWWkJiRGxmSfziPPchA', 'b00f3d62-4eb1-40ba-b73e-e3dc78eff08a', true, '2024-03-27 15:17:02.814517+00', '2024-03-27 16:15:21.495363+00', NULL, '6a8baafa-3de0-45e5-bf3b-b3e6f162b202'),
	('00000000-0000-0000-0000-000000000000', 90, 'qb8W5QRQA_yONQ9esLpHiA', 'b00f3d62-4eb1-40ba-b73e-e3dc78eff08a', true, '2024-03-27 16:15:21.497322+00', '2024-03-27 17:07:43.123112+00', 'NBaVWWkJiRGxmSfziPPchA', '6a8baafa-3de0-45e5-bf3b-b3e6f162b202'),
	('00000000-0000-0000-0000-000000000000', 91, 'H73bt3jbfYKT78u_5OqO7Q', '111d3bed-1c92-4cf5-a66f-2ecaf3e717c3', true, '2024-03-27 16:18:49.045308+00', '2024-03-27 17:54:44.924885+00', NULL, 'b9b588e8-7f7f-4f13-816c-68aab85cfef2'),
	('00000000-0000-0000-0000-000000000000', 92, 'MACg34HzP3ZqrnM8z1SrcA', 'b00f3d62-4eb1-40ba-b73e-e3dc78eff08a', true, '2024-03-27 17:07:43.135489+00', '2024-03-27 18:06:02.393835+00', 'qb8W5QRQA_yONQ9esLpHiA', '6a8baafa-3de0-45e5-bf3b-b3e6f162b202'),
	('00000000-0000-0000-0000-000000000000', 93, 'h6cdSusX-kI2Yp4udo0kGg', '111d3bed-1c92-4cf5-a66f-2ecaf3e717c3', true, '2024-03-27 17:54:44.929078+00', '2024-03-27 18:53:13.10349+00', 'H73bt3jbfYKT78u_5OqO7Q', 'b9b588e8-7f7f-4f13-816c-68aab85cfef2'),
	('00000000-0000-0000-0000-000000000000', 95, '5g3A3ee1iWzQ0VBauXhGGg', '111d3bed-1c92-4cf5-a66f-2ecaf3e717c3', false, '2024-03-27 18:53:13.106015+00', '2024-03-27 18:53:13.106015+00', 'h6cdSusX-kI2Yp4udo0kGg', 'b9b588e8-7f7f-4f13-816c-68aab85cfef2'),
	('00000000-0000-0000-0000-000000000000', 94, 'nlyhlCVvXQ_twm9kNoVjgA', 'b00f3d62-4eb1-40ba-b73e-e3dc78eff08a', true, '2024-03-27 18:06:02.395792+00', '2024-03-27 19:04:24.846856+00', 'MACg34HzP3ZqrnM8z1SrcA', '6a8baafa-3de0-45e5-bf3b-b3e6f162b202'),
	('00000000-0000-0000-0000-000000000000', 96, 'fb1JVA9fkG92K3nAPOLOsA', 'b00f3d62-4eb1-40ba-b73e-e3dc78eff08a', false, '2024-03-27 19:04:24.84862+00', '2024-03-27 19:04:24.84862+00', 'nlyhlCVvXQ_twm9kNoVjgA', '6a8baafa-3de0-45e5-bf3b-b3e6f162b202');


--
-- Data for Name: location; Type: TABLE DATA; Schema: public; Owner: postgres
--

INSERT INTO "public"."location" ("id", "created_at", "street_number", "street_number_suffix", "street_name", "street_type", "street_direction", "address_type", "address_type_identifier", "minor_municipality", "major_municipality", "governing_district", "postal_area", "country", "user_id") VALUES
	(1, '2024-03-05 15:36:33.909601+00', 1, '', 'Little Hill ', NULL, NULL, NULL, NULL, NULL, NULL, NULL, NULL, 1, '84a298b6-9caf-4305-9bfe-3ea325df9188'),
	(2, '2024-03-19 19:37:25.616992+00', NULL, NULL, NULL, NULL, NULL, NULL, NULL, NULL, 3, NULL, NULL, 1, 'a23376db-215d-49c4-9d9d-791c26579543'),
	(3, '2024-03-26 13:43:48.513815+00', NULL, NULL, NULL, NULL, NULL, NULL, NULL, NULL, 3, NULL, NULL, 1, 'ec946adf-7315-4721-a238-ed600dd153d7'),
	(4, '2024-03-26 21:49:40.716283+00', NULL, NULL, NULL, NULL, NULL, NULL, NULL, NULL, 5, NULL, NULL, 1, 'df188225-8970-42a4-a54f-97b303c2b2ed'),
	(5, '2024-03-27 14:23:47.644818+00', NULL, NULL, NULL, NULL, NULL, NULL, NULL, NULL, 13, NULL, NULL, 1, 'b78eab21-c34e-41ef-9a72-64ee49f4cbc0'),
	(6, '2024-03-27 14:25:37.124905+00', NULL, NULL, NULL, NULL, NULL, NULL, NULL, NULL, NULL, NULL, NULL, 1, 'b78eab21-c34e-41ef-9a72-64ee49f4cbc0'),
	(7, '2024-03-27 15:00:50.919938+00', NULL, NULL, NULL, NULL, NULL, NULL, NULL, NULL, NULL, NULL, NULL, 1, 'b78eab21-c34e-41ef-9a72-64ee49f4cbc0'),
	(8, '2024-03-27 15:05:24.256555+00', NULL, NULL, NULL, NULL, NULL, NULL, NULL, NULL, NULL, NULL, NULL, 1, 'b78eab21-c34e-41ef-9a72-64ee49f4cbc0'),
	(9, '2024-03-27 15:18:06.596304+00', NULL, NULL, NULL, NULL, NULL, NULL, NULL, NULL, 7, NULL, NULL, 1, 'b00f3d62-4eb1-40ba-b73e-e3dc78eff08a'),
	(10, '2024-03-27 15:18:49.51043+00', NULL, NULL, NULL, NULL, NULL, NULL, NULL, NULL, NULL, NULL, NULL, 1, 'b00f3d62-4eb1-40ba-b73e-e3dc78eff08a'),
	(11, '2024-03-27 15:49:08.232158+00', NULL, NULL, NULL, NULL, NULL, NULL, NULL, NULL, NULL, NULL, NULL, 1, 'b00f3d62-4eb1-40ba-b73e-e3dc78eff08a'),
	(12, '2024-03-27 15:50:36.084493+00', NULL, NULL, NULL, NULL, NULL, NULL, NULL, NULL, NULL, NULL, NULL, 1, 'b00f3d62-4eb1-40ba-b73e-e3dc78eff08a'),
	(13, '2024-03-27 15:53:32.278633+00', NULL, NULL, NULL, NULL, NULL, NULL, NULL, NULL, NULL, NULL, NULL, 1, 'b00f3d62-4eb1-40ba-b73e-e3dc78eff08a');


--
-- Data for Name: clients; Type: TABLE DATA; Schema: public; Owner: postgres
--

INSERT INTO "public"."clients" ("user_id", "created_at", "location", "client_phone", "display_name", "image_url") VALUES
	('84a298b6-9caf-4305-9bfe-3ea325df9188', '2024-03-05 15:37:01.129356+00', 1, 10001, 'German', NULL);


--
-- Data for Name: post_category; Type: TABLE DATA; Schema: public; Owner: postgres
--

INSERT INTO "public"."post_subject" ("id", "subject", "language") VALUES
	(1, 'k6', 1),
	(2, 'k10', 1),
	(3, 'k12', 1),
	(4, 'Holiday', 1),
	(5, 'Math', 1),
	(6, 'Science', 1),
	(7, 'Social Studies', 1),
	(8, 'Specialty', 1);


INSERT INTO "public"."profiles" ("created_at", "first_name", "last_name", "user_id", "email") VALUES
	('2024-03-19 18:42:48.238071+00', 'test', 'test', 'a23376db-215d-49c4-9d9d-791c26579543', 'test4@test.com'),
	('2024-03-20 15:28:45.055463+00', 'Test', 'test', 'df188225-8970-42a4-a54f-97b303c2b2ed', 'test5@test.com'),
	('2024-03-26 13:26:01.908789+00', 'Test', 'Test', 'bae9af94-3ee7-47dd-9389-181cd5906814', 'test@test.com'),
	('2024-03-26 13:43:25.957113+00', 'Test2', 'Test', 'ec946adf-7315-4721-a238-ed600dd153d7', 'test2@test.com'),
	('2024-03-27 14:23:24.262505+00', 'Test', 'test', 'b78eab21-c34e-41ef-9a72-64ee49f4cbc0', 'test6@test.com'),
	('2024-03-27 15:17:02.840813+00', 'TEST', 'test', 'b00f3d62-4eb1-40ba-b73e-e3dc78eff08a', 'test8@test.com'),
	('2024-03-27 15:58:08.787305+00', 'test', 'tes', 'f885208b-ef4a-4f75-8543-a808db576a13', 'test7@test.com'),
	('2024-03-27 16:09:26.205269+00', 'test', 'test', 'df10c4ca-2f2a-4ff1-b2c6-68a51ca94cf9', 'test10@test.com'),
	('2024-03-27 16:12:36.501596+00', 'test', 'test', '2ae7eb64-750a-42b9-8d8d-c8b9bf780092', 'test11@test.com'),
	('2024-03-27 16:18:49.069242+00', 'Test', 'Test', '111d3bed-1c92-4cf5-a66f-2ecaf3e717c3', 'test13@test.com');


--
-- Data for Name: seller_post; Type: TABLE DATA; Schema: public; Owner: postgres
--

-- INSERT INTO "public"."seller_post" ("id", "created_at", "title", "product_subject", "content", "location", "user_id", "image_urls", "stripe_price_id", "stripe_product_id") VALUES
-- 	(1, '2024-03-05 15:38:02.509065+00', 'Test Post 1', 1, 'Content of the first post', 1, '84a298b6-9caf-4305-9bfe-3ea325df9188', NULL, 'price_1OtG6cBRZLMDvS4Ri22IpzGq', 'prod_PihVI0liGFkala'),
-- 	(5, '2024-03-05 21:53:47.560102+00', 'Geography course', 2, 'k10 geography course', 1, '84a298b6-9caf-4305-9bfe-3ea325df9188', NULL, 'price_1OtFqrBRZLMDvS4RK5Ajf7na', 'prod_PihF0aDvvT4PeU'),
-- 	(3, '2024-03-05 21:52:06.919336+00', 'Math course', 3, 'math course for k12', 1, '84a298b6-9caf-4305-9bfe-3ea325df9188', NULL, 'price_1OtFmkBRZLMDvS4RJ8TNXGrH', 'prod_PihB8lq2HWY15J'),
-- 	(2, '2024-03-05 15:40:05.243892+00', 'Test Post 2', 1, 'Content for the second post', 1, '84a298b6-9caf-4305-9bfe-3ea325df9188', NULL, 'price_1OtFjpBRZLMDvS4RPoOg78AS', 'prod_Pih8Qrjfpr0Zmo'),
-- 	(6, '2024-03-05 21:54:44.695358+00', 'programming course ', 3, 'learn programming', 1, 'a23376db-215d-49c4-9d9d-791c26579543', NULL, 'price_1OtFmFBRZLMDvS4RsYXD3Q3C', 'prod_PihAqPK24WxqZp'),
-- 	(7, '2024-03-27 14:25:37.137856+00', 'Test', 7, '<p>This post is for testing provider images in the cart and also longer post content so here is some more content to see if the cards properly cut off after three lines like we expect? Is this working? Test Test Test TESt testing Test</p>', 6, 'b78eab21-c34e-41ef-9a72-64ee49f4cbc0', '0.1236654180882113.svg,0.7931177438497017.svg,0.7728585086209605.svg', 'price_1OyxQ5BRZLMDvS4RJ1oWeAIj', 'prod_PoabbRuN1tqxj0'),
-- 	(10, '2024-03-27 15:49:08.243995+00', 'Testing testing', 5, '<p>test</p>', 11, 'b00f3d62-4eb1-40ba-b73e-e3dc78eff08a', NULL, 'price_1OyyiuBRZLMDvS4Rpb0hhUK3', 'prod_PobwysGlI4L0OK'),
-- 	(11, '2024-03-27 15:50:36.102267+00', 'New Test', 6, '<p>Test</p>', 12, 'b00f3d62-4eb1-40ba-b73e-e3dc78eff08a', NULL, 'price_1OyykKBRZLMDvS4RC4SRSDLb', 'prod_PobyNSYyDLZArR'),
-- 	(12, '2024-03-27 15:53:32.292584+00', 'Another test', 4, '<p>test</p>', 13, 'b00f3d62-4eb1-40ba-b73e-e3dc78eff08a', NULL, 'price_1OyynABRZLMDvS4RMi5Z83UK', 'prod_Poc1Kl6ObNXQ89');


--
-- Data for Name: sellers; Type: TABLE DATA; Schema: public; Owner: postgres
--

INSERT INTO "public"."sellers" ("created_at", "seller_name", "user_id", "location", "seller_phone", "image_url", "seller_id", "language_spoken", "stripe_connected_account_id") VALUES
	('2024-03-05 15:42:34.225911+00', 'German', '84a298b6-9caf-4305-9bfe-3ea325df9188', 1, '00010001', NULL, 3, '{english}', NULL),
	('2024-03-19 19:37:25.638743+00', 'test test', 'a23376db-215d-49c4-9d9d-791c26579543', 2, '16529658956', NULL, 4, NULL, 'acct_1Ow8TSB0tPFjRwUY'),
	('2024-03-26 13:43:48.52652+00', 'Test2 Test', 'ec946adf-7315-4721-a238-ed600dd153d7', 3, '11234567890', NULL, 5, NULL, 'acct_1OyaI4B1rj93e0iW'),
	('2024-03-26 21:49:40.736227+00', 'Test test', 'df188225-8970-42a4-a54f-97b303c2b2ed', 4, '11324567890', NULL, 6, NULL, 'acct_1OyhsGBGXYM1FOiH'),
	('2024-03-27 14:23:47.653382+00', 'Test test', 'b78eab21-c34e-41ef-9a72-64ee49f4cbc0', 5, '14567897890', '0.64703476555166.svg', 7, NULL, 'acct_1OyxOKB0i6JTeUGm'),
	('2024-03-27 15:18:06.611913+00', 'TEST test', 'b00f3d62-4eb1-40ba-b73e-e3dc78eff08a', 9, '14561231456', '0.4842527203758755.png', 8, NULL, 'acct_1OyyEsBI0fpQ1wEW');


--
-- Name: refresh_tokens_id_seq; Type: SEQUENCE SET; Schema: auth; Owner: supabase_auth_admin
--

SELECT pg_catalog.setval('"auth"."refresh_tokens_id_seq"', 2, true);


--
-- Name: key_key_id_seq; Type: SEQUENCE SET; Schema: pgsodium; Owner: supabase_admin
--

SELECT pg_catalog.setval('"pgsodium"."key_key_id_seq"', 1, false);


--
-- Name: Country_id_seq; Type: SEQUENCE SET; Schema: public; Owner: postgres
--

SELECT pg_catalog.setval('"public"."Country_id_seq"', 1, false);


--
-- Name: Location_id_seq; Type: SEQUENCE SET; Schema: public; Owner: postgres
--

SELECT pg_catalog.setval('"public"."Location_id_seq"', 1, true);


--
-- Name: governing_district_id_seq; Type: SEQUENCE SET; Schema: public; Owner: postgres
--

SELECT pg_catalog.setval('"public"."governing_district_id_seq"', 1, false);


--
-- Name: language_id_seq; Type: SEQUENCE SET; Schema: public; Owner: postgres
--

SELECT pg_catalog.setval('"public"."language_id_seq"', 1, false);


--
-- Name: major_municipality_id_seq; Type: SEQUENCE SET; Schema: public; Owner: postgres
--

SELECT pg_catalog.setval('"public"."major_municipality_id_seq"', 1, false);


--
-- Name: minor_municipality_id_seq; Type: SEQUENCE SET; Schema: public; Owner: postgres
--

SELECT pg_catalog.setval('"public"."minor_municipality_id_seq"', 1, false);


--
-- Name: post_category_id_seq; Type: SEQUENCE SET; Schema: public; Owner: postgres
--

SELECT pg_catalog.setval('"public"."post_subject_id_seq"', 3, true);


--
-- Name: seller_post_id_seq; Type: SEQUENCE SET; Schema: public; Owner: postgres
--

SELECT pg_catalog.setval('"public"."seller_post_id_seq"', 6, true);


--
-- Name: sellers_seller_id_seq; Type: SEQUENCE SET; Schema: public; Owner: postgres
--

SELECT pg_catalog.setval('"public"."sellers_seller_id_seq"', 3, true);


--
-- Name: hooks_id_seq; Type: SEQUENCE SET; Schema: supabase_functions; Owner: supabase_functions_admin
--

SELECT pg_catalog.setval('"supabase_functions"."hooks_id_seq"', 1, false);


--
-- PostgreSQL database dump complete
--

RESET ALL;

