--
-- PostgreSQL database dump
--

-- Dumped from database version 15.1 (Ubuntu 15.1-1.pgdg20.04+1)
-- Dumped by pg_dump version 15.4 (Ubuntu 15.4-1.pgdg20.04+1)

SET statement_timeout = 0;
SET lock_timeout = 0;
SET idle_in_transaction_session_timeout = 0;
SET client_encoding = 'UTF8';
SET standard_conforming_strings = on;
SELECT pg_catalog.set_config('search_path', '', false);
SET check_function_bodies = false;
SET xmloption = content;
SET client_min_messages = warning;
SET row_security = off;


--
-- Data for Name: users; Type: TABLE DATA; Schema: auth; Owner: supabase_auth_admin
--

INSERT INTO "auth"."users" ("instance_id", "id", "aud", "role", "email", "encrypted_password", "email_confirmed_at", "invited_at", "confirmation_token", "confirmation_sent_at", "recovery_token", "recovery_sent_at", "email_change_token_new", "email_change", "email_change_sent_at", "last_sign_in_at", "raw_app_meta_data", "raw_user_meta_data", "is_super_admin", "created_at", "updated_at", "phone", "phone_confirmed_at", "phone_change", "phone_change_token", "phone_change_sent_at", "email_change_token_current", "email_change_confirm_status", "banned_until", "reauthentication_token", "reauthentication_sent_at", "is_sso_user", "deleted_at") VALUES
	('00000000-0000-0000-0000-000000000000', 'b8a30290-79ac-49bb-9a76-223532e62ae4', 'authenticated', 'authenticated', 'rachael.southworth@datagrove.com', '$2a$10$4RDL1gESu3suZcNH0BkX2Opb5hPUKDDN0nS90/430IuC7SD1nTwDi', '2023-07-07 18:33:31.396043+00', NULL, '', '2023-07-07 18:33:25.373855+00', '', '2023-07-12 16:01:12.648719+00', '', '', NULL, '2023-10-06 19:25:59.967326+00', '{"provider": "email", "providers": ["email"]}', '{}', NULL, '2023-07-07 18:33:25.368983+00', '2023-10-06 19:25:59.974542+00', NULL, NULL, '', '', NULL, '', 0, NULL, '', NULL, false, NULL),
	('00000000-0000-0000-0000-000000000000', '0517efc0-1beb-4239-a522-748616a0d83f', 'authenticated', 'authenticated', 'germanzarkovich@gmail.com', '$2a$10$Sg1gCyIVSD.IuIg1mdQ/a.yBcmUZ5fPc3S2GMoP116vsk5/s45duC', '2023-07-17 17:51:12.019274+00', NULL, '', '2023-07-17 17:50:58.402603+00', '412eb64e66d130b692f1592658d6fcb0b456202960f870765d3bc0ba', '2023-08-14 18:53:08.293388+00', '', '', NULL, '2023-10-06 15:25:40.037511+00', '{"provider": "email", "providers": ["email"]}', '{}', NULL, '2023-07-17 17:50:58.388098+00', '2023-10-08 00:15:28.460819+00', NULL, NULL, '', '', NULL, '', 0, NULL, '', NULL, false, NULL),
	('00000000-0000-0000-0000-000000000000', '9ff9251c-1c89-41a9-b6ef-da3b8bd9adab', 'authenticated', 'authenticated', 'gazarkovich@gmail.com', '$2a$10$Eb4D5ObUEwxm5RDhDL3/0.mLRsm3X9LTGSeiMoCvj.y41q4CCzqie', '2023-08-24 15:13:38.999651+00', NULL, '', '2023-08-24 15:13:21.447776+00', '', NULL, '', '', NULL, '2023-08-24 15:13:39.000323+00', '{"provider": "email", "providers": ["email"]}', '{}', NULL, '2023-08-24 15:13:21.437477+00', '2023-08-24 18:25:53.655339+00', NULL, NULL, '', '', NULL, '', 0, NULL, '', NULL, false, NULL),
	('00000000-0000-0000-0000-000000000000', '0dfdccab-0418-42bb-8768-5f9f7a58c52f', 'authenticated', 'authenticated', 'espinozaponcemaycol@gmail.com', '$2a$10$YSXdorC8rsb7EzU4FPsw2.RGttbhYHJ61GdYh9UyjszQl9KwfW1Si', '2023-08-29 10:42:36.89721+00', NULL, '', '2023-08-29 10:42:14.87325+00', '', NULL, '', '', NULL, '2023-08-29 20:46:42.005625+00', '{"provider": "email", "providers": ["email"]}', '{}', NULL, '2023-08-29 10:42:14.861253+00', '2023-08-29 20:46:42.010081+00', NULL, NULL, '', '', NULL, '', 0, NULL, '', NULL, false, NULL),
	('00000000-0000-0000-0000-000000000000', '72ddf579-0400-407f-9a7b-903e7d3c6afa', 'authenticated', 'authenticated', 'tomas@datagrove.com', '$2a$10$fEOjIvrdbgjDeT4I5DC14OIBcpYzPreXvvqCrNVWkcufDhZkbNUle', '2023-08-02 15:08:35.390568+00', NULL, '', '2023-08-02 15:08:24.875935+00', '', NULL, '', '', NULL, '2023-09-26 15:15:29.194541+00', '{"provider": "email", "providers": ["email"]}', '{}', NULL, '2023-08-02 15:08:24.869935+00', '2023-10-03 16:10:27.262812+00', NULL, NULL, '', '', NULL, '', 0, NULL, '', NULL, false, NULL),
	('00000000-0000-0000-0000-000000000000', '1ae961ca-7404-4120-a095-b8d839d4db0e', 'authenticated', 'authenticated', 'andresvillac92@outlook.com', '$2a$10$51jUxgFKndaegWrUkiFyfusIUWXGiZJi0CDq/dr9IIxJaUHTlWSUi', '2023-09-14 21:07:03.021593+00', NULL, '', '2023-09-14 21:06:34.931317+00', '', NULL, '', '', NULL, '2023-09-14 21:20:35.564481+00', '{"provider": "email", "providers": ["email"]}', '{}', NULL, '2023-09-14 21:06:34.895635+00', '2023-09-14 22:20:21.813194+00', NULL, NULL, '', '', NULL, '', 0, NULL, '', NULL, false, NULL),
	('00000000-0000-0000-0000-000000000000', '2cf81880-3206-4bb1-9734-ddcacd822d18', 'authenticated', 'authenticated', 'maycol.ponce@datagrove.com', '$2a$10$IAMMDPDtbpoCgDyK3LiYYuWXBJ8gufLU.I8HqPOgvwht7dzVENW6.', '2023-08-22 18:56:19.85611+00', NULL, '', '2023-08-22 18:56:02.742851+00', '', '2023-09-13 19:38:07.711327+00', '', '', NULL, '2023-09-15 07:57:02.24425+00', '{"provider": "email", "providers": ["email"]}', '{}', NULL, '2023-08-22 18:56:02.734454+00', '2023-09-27 08:31:02.040432+00', NULL, NULL, '', '', NULL, '', 0, NULL, '', NULL, false, NULL),
	('00000000-0000-0000-0000-000000000000', '5f41591b-0850-47b7-b6a4-08251ba79b66', 'authenticated', 'authenticated', 'mgnsmitty@yahoo.com', '$2a$10$tjw5L.QBhFjslSGnUClATOvY8sIl/OoDeihsBDMFiSkKD9sF8N7tS', '2023-07-26 14:45:17.248923+00', NULL, '', '2023-07-26 14:44:59.14509+00', '', NULL, '', '', NULL, '2023-10-09 14:15:21.560871+00', '{"provider": "email", "providers": ["email"]}', '{}', NULL, '2023-07-26 14:44:59.13932+00', '2023-10-09 19:11:47.540408+00', NULL, NULL, '', '', NULL, '', 0, NULL, '', NULL, false, NULL),
	('00000000-0000-0000-0000-000000000000', '0777ad07-bddb-4251-b51b-4e9408eaa8cc', 'authenticated', 'authenticated', 'rachael.c.hurd@gmail.com', '$2a$10$eBYXdVHBYfL10daswCUsx.JhtdjlRjZXy4OU31sVBXE/qNg17H9U2', '2023-07-13 21:29:34.786674+00', NULL, '', '2023-07-13 21:29:01.93225+00', '', '2023-08-07 19:40:36.353712+00', '', '', '2023-08-24 02:01:14.65993+00', '2023-08-31 14:48:47.664428+00', '{"provider": "email", "providers": ["email"]}', '{}', NULL, '2023-07-13 21:29:01.924222+00', '2023-08-31 14:48:47.669989+00', NULL, NULL, '', '', NULL, '', 0, NULL, '', NULL, false, NULL),
	('00000000-0000-0000-0000-000000000000', '8ad6e0e4-39b7-4b5e-bd85-ad1ba3b8daae', 'authenticated', 'authenticated', 'mespinozap@ucenfotec.ac.cr', '$2a$10$GpnXpVqN.my2liNz1GjsUumFaS2ibZD9cCrsAzE/Ya8Ej32ZdKdNG', '2023-08-28 17:01:04.352658+00', NULL, '', '2023-08-28 17:00:44.236161+00', '', '2023-08-28 19:05:16.54001+00', '', '', NULL, '2023-08-29 19:15:07.618604+00', '{"provider": "email", "providers": ["email"]}', '{}', NULL, '2023-08-28 17:00:44.209284+00', '2023-08-29 19:21:09.428654+00', NULL, NULL, '', '', NULL, '', 0, NULL, '', NULL, false, NULL),
	('00000000-0000-0000-0000-000000000000', '58e01372-915b-4511-a3b0-7417db9a798c', 'authenticated', 'authenticated', 'meagan.smith@datagrove.com', '$2a$10$nW0831PuqvuwgVrGUDG3wOB7CgKq7vIdmo6lUZdoNLUH7CdaGMdTG', '2023-07-24 13:44:00.126412+00', NULL, '', '2023-07-24 13:43:51.292618+00', '', NULL, '', '', NULL, '2023-07-24 13:44:11.742247+00', '{"provider": "email", "providers": ["email"]}', '{}', NULL, '2023-07-24 13:43:51.289177+00', '2023-07-24 13:44:11.743793+00', NULL, NULL, '', '', NULL, '', 0, NULL, '', NULL, false, NULL),
	('00000000-0000-0000-0000-000000000000', 'af1e7269-288a-4ec5-8a86-307fefc7a03f', 'authenticated', 'authenticated', 'gerzarko@gmail.com', '$2a$10$xrw.s/IScT3TB5jJx8sMZupN3PdTdThCeC9gk7r1jCvyOPeSDrvTu', '2023-08-09 20:17:35.217392+00', NULL, '', '2023-08-09 20:17:18.116992+00', '', NULL, '', '', NULL, '2023-09-25 13:15:47.418789+00', '{"provider": "email", "providers": ["email"]}', '{}', NULL, '2023-08-09 20:17:18.092443+00', '2023-09-29 16:35:20.204524+00', NULL, NULL, '', '', NULL, '', 0, NULL, '', NULL, false, NULL);


--
-- Data for Name: identities; Type: TABLE DATA; Schema: auth; Owner: supabase_auth_admin
--

INSERT INTO "auth"."identities" ("id", "user_id", "identity_data", "provider", "last_sign_in_at", "created_at", "updated_at") VALUES
	('b8a30290-79ac-49bb-9a76-223532e62ae4', 'b8a30290-79ac-49bb-9a76-223532e62ae4', '{"sub": "b8a30290-79ac-49bb-9a76-223532e62ae4", "email": "rachael.southworth@datagrove.com"}', 'email', '2023-07-07 18:33:25.372393+00', '2023-07-07 18:33:25.372432+00', '2023-07-07 18:33:25.372432+00'),
	('0517efc0-1beb-4239-a522-748616a0d83f', '0517efc0-1beb-4239-a522-748616a0d83f', '{"sub": "0517efc0-1beb-4239-a522-748616a0d83f", "email": "germanzarkovich@gmail.com"}', 'email', '2023-07-17 17:50:58.396521+00', '2023-07-17 17:50:58.396564+00', '2023-07-17 17:50:58.396564+00'),
	('58e01372-915b-4511-a3b0-7417db9a798c', '58e01372-915b-4511-a3b0-7417db9a798c', '{"sub": "58e01372-915b-4511-a3b0-7417db9a798c", "email": "meagan.smith@datagrove.com"}', 'email', '2023-07-24 13:43:51.29136+00', '2023-07-24 13:43:51.291396+00', '2023-07-24 13:43:51.291396+00'),
	('5f41591b-0850-47b7-b6a4-08251ba79b66', '5f41591b-0850-47b7-b6a4-08251ba79b66', '{"sub": "5f41591b-0850-47b7-b6a4-08251ba79b66", "email": "mgnsmitty@yahoo.com"}', 'email', '2023-07-26 14:44:59.142575+00', '2023-07-26 14:44:59.142614+00', '2023-07-26 14:44:59.142614+00'),
	('72ddf579-0400-407f-9a7b-903e7d3c6afa', '72ddf579-0400-407f-9a7b-903e7d3c6afa', '{"sub": "72ddf579-0400-407f-9a7b-903e7d3c6afa", "email": "tomas@datagrove.com"}', 'email', '2023-08-02 15:08:24.873065+00', '2023-08-02 15:08:24.873103+00', '2023-08-02 15:08:24.873103+00'),
	('af1e7269-288a-4ec5-8a86-307fefc7a03f', 'af1e7269-288a-4ec5-8a86-307fefc7a03f', '{"sub": "af1e7269-288a-4ec5-8a86-307fefc7a03f", "email": "gerzarko@gmail.com"}', 'email', '2023-08-09 20:17:18.109354+00', '2023-08-09 20:17:18.109407+00', '2023-08-09 20:17:18.109407+00'),
	('2cf81880-3206-4bb1-9734-ddcacd822d18', '2cf81880-3206-4bb1-9734-ddcacd822d18', '{"sub": "2cf81880-3206-4bb1-9734-ddcacd822d18", "email": "maycol.ponce@datagrove.com"}', 'email', '2023-08-22 18:56:02.738391+00', '2023-08-22 18:56:02.738429+00', '2023-08-22 18:56:02.738429+00'),
	('0777ad07-bddb-4251-b51b-4e9408eaa8cc', '0777ad07-bddb-4251-b51b-4e9408eaa8cc', '{"sub": "0777ad07-bddb-4251-b51b-4e9408eaa8cc", "email": "rachael.c.hurd@gmail.com"}', 'email', '2023-07-13 21:29:01.927671+00', '2023-07-13 21:29:01.927708+00', '2023-08-24 02:03:14.628531+00'),
	('9ff9251c-1c89-41a9-b6ef-da3b8bd9adab', '9ff9251c-1c89-41a9-b6ef-da3b8bd9adab', '{"sub": "9ff9251c-1c89-41a9-b6ef-da3b8bd9adab", "email": "gazarkovich@gmail.com"}', 'email', '2023-08-24 15:13:21.443627+00', '2023-08-24 15:13:21.443668+00', '2023-08-24 15:13:21.443668+00'),
	('8ad6e0e4-39b7-4b5e-bd85-ad1ba3b8daae', '8ad6e0e4-39b7-4b5e-bd85-ad1ba3b8daae', '{"sub": "8ad6e0e4-39b7-4b5e-bd85-ad1ba3b8daae", "email": "mespinozap@ucenfotec.ac.cr"}', 'email', '2023-08-28 17:00:44.226926+00', '2023-08-28 17:00:44.226978+00', '2023-08-28 17:00:44.226978+00'),
	('0dfdccab-0418-42bb-8768-5f9f7a58c52f', '0dfdccab-0418-42bb-8768-5f9f7a58c52f', '{"sub": "0dfdccab-0418-42bb-8768-5f9f7a58c52f", "email": "espinozaponcemaycol@gmail.com"}', 'email', '2023-08-29 10:42:14.869188+00', '2023-08-29 10:42:14.869237+00', '2023-08-29 10:42:14.869237+00'),
	('1ae961ca-7404-4120-a095-b8d839d4db0e', '1ae961ca-7404-4120-a095-b8d839d4db0e', '{"sub": "1ae961ca-7404-4120-a095-b8d839d4db0e", "email": "andresvillac92@outlook.com"}', 'email', '2023-09-14 21:06:34.917504+00', '2023-09-14 21:06:34.917545+00', '2023-09-14 21:06:34.917545+00');


--
-- Data for Name: sessions; Type: TABLE DATA; Schema: auth; Owner: supabase_auth_admin
--

INSERT INTO "auth"."sessions" ("id", "user_id", "created_at", "updated_at", "factor_id", "aal", "not_after") VALUES
	('7d1aa984-6f73-497a-955a-554d36e48ded', 'b8a30290-79ac-49bb-9a76-223532e62ae4', '2023-08-31 14:49:20.952433+00', '2023-08-31 14:49:20.952433+00', NULL, 'aal1', NULL),
	('d59dbe5a-23d7-4b24-a719-70898f3c2697', 'b8a30290-79ac-49bb-9a76-223532e62ae4', '2023-08-31 20:32:07.077048+00', '2023-08-31 20:32:07.077048+00', NULL, 'aal1', NULL),
	('8d3d7993-7e28-4d58-8be5-052453fb559f', 'b8a30290-79ac-49bb-9a76-223532e62ae4', '2023-09-01 02:02:40.091603+00', '2023-09-01 02:02:40.091603+00', NULL, 'aal1', NULL),
	('99b00ec8-7b81-49cd-88e8-d21c78a6c5aa', 'b8a30290-79ac-49bb-9a76-223532e62ae4', '2023-09-01 13:34:51.404429+00', '2023-09-01 13:34:51.404429+00', NULL, 'aal1', NULL),
	('6cb622b2-5744-4b67-a2bb-2ec9b085b02e', 'b8a30290-79ac-49bb-9a76-223532e62ae4', '2023-09-01 18:01:41.97224+00', '2023-09-01 18:01:41.97224+00', NULL, 'aal1', NULL),
	('8868268c-bab0-4eba-b7f1-069e26adabe0', 'b8a30290-79ac-49bb-9a76-223532e62ae4', '2023-09-01 22:04:18.568541+00', '2023-09-01 22:04:18.568541+00', NULL, 'aal1', NULL),
	('0073c7d8-7c9c-4bac-b7d1-1ffe4ca06e67', 'b8a30290-79ac-49bb-9a76-223532e62ae4', '2023-09-02 01:09:18.122546+00', '2023-09-02 01:09:18.122546+00', NULL, 'aal1', NULL),
	('deed160e-6d01-4843-a483-73f604ef8654', 'b8a30290-79ac-49bb-9a76-223532e62ae4', '2023-09-05 20:21:19.835574+00', '2023-09-05 20:21:19.835574+00', NULL, 'aal1', NULL),
	('d0fc7ede-b1dd-4121-9508-f282e5f7964d', 'b8a30290-79ac-49bb-9a76-223532e62ae4', '2023-09-05 20:46:44.49143+00', '2023-09-05 20:46:44.49143+00', NULL, 'aal1', NULL),
	('1f5b63e1-58a1-4157-9dbe-8b1a572645b6', '72ddf579-0400-407f-9a7b-903e7d3c6afa', '2023-08-11 05:13:16.341671+00', '2023-08-11 05:13:16.341671+00', NULL, 'aal1', NULL),
	('9f18a9b1-5978-4265-93ce-1f7cf95024cd', '72ddf579-0400-407f-9a7b-903e7d3c6afa', '2023-08-11 17:43:10.491249+00', '2023-08-11 17:43:10.491249+00', NULL, 'aal1', NULL),
	('b21e1fbc-29f7-44aa-9f63-5df9a05c00a0', '72ddf579-0400-407f-9a7b-903e7d3c6afa', '2023-08-16 14:38:19.35597+00', '2023-08-16 14:38:19.35597+00', NULL, 'aal1', NULL),
	('3c5dc50c-706f-4973-b5ca-d56209fcbdac', 'b8a30290-79ac-49bb-9a76-223532e62ae4', '2023-09-13 18:45:17.275252+00', '2023-09-13 18:45:17.275252+00', NULL, 'aal1', NULL),
	('889b505a-62e4-4b43-a2da-d2927e0ddc32', 'af1e7269-288a-4ec5-8a86-307fefc7a03f', '2023-09-13 19:11:49.231568+00', '2023-09-13 19:11:49.231568+00', NULL, 'aal1', NULL),
	('64f389dd-050f-4386-87fa-dd9e12f41ddb', '72ddf579-0400-407f-9a7b-903e7d3c6afa', '2023-08-16 19:00:42.998924+00', '2023-08-16 19:00:42.998924+00', NULL, 'aal1', NULL),
	('879a546d-a6ed-4189-9b6c-65ec5a96b90a', '72ddf579-0400-407f-9a7b-903e7d3c6afa', '2023-08-16 19:02:48.234431+00', '2023-08-16 19:02:48.234431+00', NULL, 'aal1', NULL),
	('3b637091-76bf-457d-a415-04259a70a758', '72ddf579-0400-407f-9a7b-903e7d3c6afa', '2023-08-16 19:02:54.180385+00', '2023-08-16 19:02:54.180385+00', NULL, 'aal1', NULL),
	('340c5e55-976f-4373-98de-96f3ac1f3228', '72ddf579-0400-407f-9a7b-903e7d3c6afa', '2023-08-16 19:03:33.24829+00', '2023-08-16 19:03:33.24829+00', NULL, 'aal1', NULL),
	('257eff31-281c-433f-9d5d-a93a77541106', 'b8a30290-79ac-49bb-9a76-223532e62ae4', '2023-09-13 19:41:36.896967+00', '2023-09-13 19:41:36.896967+00', NULL, 'aal1', NULL),
	('a74ad273-c21a-4c11-a596-b2255559be95', 'b8a30290-79ac-49bb-9a76-223532e62ae4', '2023-09-14 15:39:47.816272+00', '2023-09-14 15:39:47.816272+00', NULL, 'aal1', NULL),
	('3a0344d9-d358-4231-ae20-a8ffe87024d2', '72ddf579-0400-407f-9a7b-903e7d3c6afa', '2023-08-21 14:53:54.900632+00', '2023-08-21 14:53:54.900632+00', NULL, 'aal1', NULL),
	('1a28f46a-6bfb-4aa7-8b0e-c7d2b9e50ba3', '72ddf579-0400-407f-9a7b-903e7d3c6afa', '2023-08-21 14:54:29.17032+00', '2023-08-21 14:54:29.17032+00', NULL, 'aal1', NULL),
	('ab6ad311-6d8b-4488-992a-20409fd48eab', '1ae961ca-7404-4120-a095-b8d839d4db0e', '2023-09-14 21:20:35.564549+00', '2023-09-14 21:20:35.564549+00', NULL, 'aal1', NULL),
	('a11b8607-31a6-4778-b296-fefc9e5246e0', '72ddf579-0400-407f-9a7b-903e7d3c6afa', '2023-08-21 14:55:04.355088+00', '2023-08-21 14:55:04.355088+00', NULL, 'aal1', NULL),
	('dc5232dd-ee2d-4588-9b28-df321788da25', '2cf81880-3206-4bb1-9734-ddcacd822d18', '2023-09-15 07:57:02.24432+00', '2023-09-15 07:57:02.24432+00', NULL, 'aal1', NULL),
	('8fc753ad-e148-49fd-94b8-a49e83cc8396', 'b8a30290-79ac-49bb-9a76-223532e62ae4', '2023-09-15 20:53:30.66631+00', '2023-09-15 20:53:30.66631+00', NULL, 'aal1', NULL),
	('29d29e3b-03ec-47eb-9be4-656470149621', 'b8a30290-79ac-49bb-9a76-223532e62ae4', '2023-09-15 21:15:28.83827+00', '2023-09-15 21:15:28.83827+00', NULL, 'aal1', NULL),
	('dada25aa-84c5-4239-92a0-42f3aa60c706', 'b8a30290-79ac-49bb-9a76-223532e62ae4', '2023-09-15 21:35:45.251959+00', '2023-09-15 21:35:45.251959+00', NULL, 'aal1', NULL),
	('fde54091-8f7c-4ab5-b420-219f2a7acb69', '72ddf579-0400-407f-9a7b-903e7d3c6afa', '2023-09-16 17:56:17.400225+00', '2023-09-16 17:56:17.400225+00', NULL, 'aal1', NULL),
	('1a33802e-3443-421c-9608-5c1fcf3e2326', 'b8a30290-79ac-49bb-9a76-223532e62ae4', '2023-09-18 15:50:53.476146+00', '2023-09-18 15:50:53.476146+00', NULL, 'aal1', NULL),
	('af9d4f9a-90ff-4c24-a121-577f29640ca2', '72ddf579-0400-407f-9a7b-903e7d3c6afa', '2023-08-10 16:26:50.391241+00', '2023-08-10 16:26:50.391241+00', NULL, 'aal1', NULL),
	('0df5f73c-4b31-4663-a040-8951a63ee9fa', 'b8a30290-79ac-49bb-9a76-223532e62ae4', '2023-09-18 16:07:59.640203+00', '2023-09-18 16:07:59.640203+00', NULL, 'aal1', NULL),
	('be09bb18-0fa8-48cc-a531-12c5fc736114', 'b8a30290-79ac-49bb-9a76-223532e62ae4', '2023-09-18 19:44:53.332592+00', '2023-09-18 19:44:53.332592+00', NULL, 'aal1', NULL),
	('c4c4da3a-70c3-4493-a139-3786f9b4ac26', 'b8a30290-79ac-49bb-9a76-223532e62ae4', '2023-09-18 20:26:39.436263+00', '2023-09-18 20:26:39.436263+00', NULL, 'aal1', NULL),
	('0bdbf41a-d995-4a50-9321-05cb216982c8', 'b8a30290-79ac-49bb-9a76-223532e62ae4', '2023-09-18 20:28:34.759461+00', '2023-09-18 20:28:34.759461+00', NULL, 'aal1', NULL),
	('423bf4ce-5711-45fe-9bd9-893de672962c', 'b8a30290-79ac-49bb-9a76-223532e62ae4', '2023-09-18 20:29:00.517567+00', '2023-09-18 20:29:00.517567+00', NULL, 'aal1', NULL),
	('63179718-f39a-4f26-adfb-27d404620e44', 'b8a30290-79ac-49bb-9a76-223532e62ae4', '2023-09-18 20:30:08.532031+00', '2023-09-18 20:30:08.532031+00', NULL, 'aal1', NULL),
	('15ba44a5-a84f-431a-8b27-0f24328104fe', 'b8a30290-79ac-49bb-9a76-223532e62ae4', '2023-09-18 20:33:22.409359+00', '2023-09-18 20:33:22.409359+00', NULL, 'aal1', NULL),
	('c03012b1-1e73-410c-8db7-f673c42089e6', 'b8a30290-79ac-49bb-9a76-223532e62ae4', '2023-09-18 20:37:14.800914+00', '2023-09-18 20:37:14.800914+00', NULL, 'aal1', NULL),
	('990e5588-e2dc-498b-a5e0-9ca2cb49f1b6', 'b8a30290-79ac-49bb-9a76-223532e62ae4', '2023-09-20 19:50:20.162364+00', '2023-09-20 19:50:20.162364+00', NULL, 'aal1', NULL),
	('53507e4b-5972-4d3f-88c3-43994b55e020', 'b8a30290-79ac-49bb-9a76-223532e62ae4', '2023-09-22 15:34:31.843903+00', '2023-09-22 15:34:31.843903+00', NULL, 'aal1', NULL),
	('3708ab58-2506-497a-86f8-500e5fd5f6eb', 'af1e7269-288a-4ec5-8a86-307fefc7a03f', '2023-09-25 13:15:47.418847+00', '2023-09-25 13:15:47.418847+00', NULL, 'aal1', NULL),
	('17868cd2-6584-49f9-a64b-47289d7d4f82', 'b8a30290-79ac-49bb-9a76-223532e62ae4', '2023-09-25 20:37:18.004716+00', '2023-09-25 20:37:18.004716+00', NULL, 'aal1', NULL),
	('1189561b-a12a-47bc-9f02-1b93002d6516', '72ddf579-0400-407f-9a7b-903e7d3c6afa', '2023-09-26 15:15:29.195383+00', '2023-09-26 15:15:29.195383+00', NULL, 'aal1', NULL),
	('0d7b08a4-1362-4618-b13b-d7489b70d615', 'b8a30290-79ac-49bb-9a76-223532e62ae4', '2023-09-26 18:51:02.598561+00', '2023-09-26 18:51:02.598561+00', NULL, 'aal1', NULL),
	('f932c414-3b85-4c55-8772-5a51434b38a6', 'b8a30290-79ac-49bb-9a76-223532e62ae4', '2023-09-26 18:54:44.401011+00', '2023-09-26 18:54:44.401011+00', NULL, 'aal1', NULL),
	('972510bc-8455-4328-bc38-b9c696cb87da', '5f41591b-0850-47b7-b6a4-08251ba79b66', '2023-09-26 19:07:49.1655+00', '2023-09-26 19:07:49.1655+00', NULL, 'aal1', NULL),
	('380cd811-198f-478e-a5c8-426b5c94f5b7', '5f41591b-0850-47b7-b6a4-08251ba79b66', '2023-09-26 19:08:52.85648+00', '2023-09-26 19:08:52.85648+00', NULL, 'aal1', NULL),
	('1573827d-9cd3-46ce-bdd8-3698efbc044d', '5f41591b-0850-47b7-b6a4-08251ba79b66', '2023-09-26 19:10:21.105662+00', '2023-09-26 19:10:21.105662+00', NULL, 'aal1', NULL),
	('10afa4d3-dc11-4ec1-a51c-970dbdac7b16', 'b8a30290-79ac-49bb-9a76-223532e62ae4', '2023-09-26 20:07:45.991102+00', '2023-09-26 20:07:45.991102+00', NULL, 'aal1', NULL),
	('721bf22f-24b9-4e53-8bfa-9d3d1ec5d712', 'b8a30290-79ac-49bb-9a76-223532e62ae4', '2023-09-26 20:18:09.496874+00', '2023-09-26 20:18:09.496874+00', NULL, 'aal1', NULL),
	('2d74beff-3675-48a4-864b-e54984d6923a', 'b8a30290-79ac-49bb-9a76-223532e62ae4', '2023-09-27 01:03:09.600993+00', '2023-09-27 01:03:09.600993+00', NULL, 'aal1', NULL),
	('464805cd-87c3-4ee8-9c57-8f91eb2e558a', 'b8a30290-79ac-49bb-9a76-223532e62ae4', '2023-09-27 01:04:00.627514+00', '2023-09-27 01:04:00.627514+00', NULL, 'aal1', NULL),
	('65fc4b16-4656-4014-98c5-42b1a1ec7b4d', 'b8a30290-79ac-49bb-9a76-223532e62ae4', '2023-09-27 01:07:11.749217+00', '2023-09-27 01:07:11.749217+00', NULL, 'aal1', NULL),
	('0965cd13-30c3-4dbb-86a2-0eeed4775487', 'b8a30290-79ac-49bb-9a76-223532e62ae4', '2023-09-27 14:40:23.569576+00', '2023-09-27 14:40:23.569576+00', NULL, 'aal1', NULL),
	('902df9d8-d81a-435d-936e-618a8d723b89', 'b8a30290-79ac-49bb-9a76-223532e62ae4', '2023-09-27 18:49:28.133826+00', '2023-09-27 18:49:28.133826+00', NULL, 'aal1', NULL),
	('0cc1eb59-a5f1-4ed8-afce-731f0c334be2', 'b8a30290-79ac-49bb-9a76-223532e62ae4', '2023-09-27 18:50:18.225496+00', '2023-09-27 18:50:18.225496+00', NULL, 'aal1', NULL),
	('58021f96-044b-425d-9f0f-5c8dd11de166', '5f41591b-0850-47b7-b6a4-08251ba79b66', '2023-09-27 18:52:23.453784+00', '2023-09-27 18:52:23.453784+00', NULL, 'aal1', NULL),
	('3ca3ca74-b8bf-425f-abec-b2dd63c01005', 'b8a30290-79ac-49bb-9a76-223532e62ae4', '2023-09-27 18:52:48.04814+00', '2023-09-27 18:52:48.04814+00', NULL, 'aal1', NULL),
	('8a5d7031-c65d-4588-a1c8-53291757dad9', '5f41591b-0850-47b7-b6a4-08251ba79b66', '2023-09-27 18:53:00.365717+00', '2023-09-27 18:53:00.365717+00', NULL, 'aal1', NULL),
	('3162b640-d5e4-491c-9d7e-946cd4d9b99a', 'b8a30290-79ac-49bb-9a76-223532e62ae4', '2023-09-27 18:53:10.942048+00', '2023-09-27 18:53:10.942048+00', NULL, 'aal1', NULL),
	('0d226e57-e621-45a8-b65a-d497fdd56b36', '5f41591b-0850-47b7-b6a4-08251ba79b66', '2023-09-27 18:54:23.104006+00', '2023-09-27 18:54:23.104006+00', NULL, 'aal1', NULL),
	('13ca3762-b6a0-4922-b92c-2e0126305d54', '5f41591b-0850-47b7-b6a4-08251ba79b66', '2023-09-27 18:54:54.910112+00', '2023-09-27 18:54:54.910112+00', NULL, 'aal1', NULL),
	('c08249e8-63c4-4623-b7f7-c7c3677f323b', 'b8a30290-79ac-49bb-9a76-223532e62ae4', '2023-09-29 14:39:12.963678+00', '2023-09-29 14:39:12.963678+00', NULL, 'aal1', NULL),
	('3c2b05f6-fd2b-4521-b7b2-6c53984290bd', '0517efc0-1beb-4239-a522-748616a0d83f', '2023-10-06 15:25:40.038383+00', '2023-10-06 15:25:40.038383+00', NULL, 'aal1', NULL),
	('a27819b1-8a4a-4065-aacc-20b5502fbdee', 'b8a30290-79ac-49bb-9a76-223532e62ae4', '2023-10-06 19:25:59.967381+00', '2023-10-06 19:25:59.967381+00', NULL, 'aal1', NULL),
	('559a2779-790c-4c3e-a08e-6ca99e76831e', '5f41591b-0850-47b7-b6a4-08251ba79b66', '2023-10-09 14:15:21.560923+00', '2023-10-09 14:15:21.560923+00', NULL, 'aal1', NULL);

--
-- Data for Name: TEST; Type: TABLE DATA; Schema: public; Owner: postgres
--

INSERT INTO "public"."TEST" ("id", "created_at") VALUES
	(1, '2023-06-30 20:23:37.698569+00');


--
-- Data for Name: location; Type: TABLE DATA; Schema: public; Owner: postgres
--

INSERT INTO "public"."location" ("id", "created_at", "street_number", "street_number_suffix", "street_name", "street_type", "street_direction", "address_type", "address_type_identifier", "minor_municipality", "major_municipality", "governing_district", "postal_area", "country", "user_id") VALUES
	(12, '2023-07-11 20:50:35.439848+00', NULL, NULL, NULL, NULL, NULL, NULL, NULL, 1, 1, 7, NULL, 1, 'b8a30290-79ac-49bb-9a76-223532e62ae4'),
	(13, '2023-07-11 20:55:32.399401+00', NULL, NULL, NULL, NULL, NULL, NULL, NULL, 1, 1, 7, NULL, 1, 'b8a30290-79ac-49bb-9a76-223532e62ae4'),
	(14, '2023-07-11 20:56:27.723737+00', NULL, NULL, NULL, NULL, NULL, NULL, NULL, 1, 1, 7, NULL, 1, 'b8a30290-79ac-49bb-9a76-223532e62ae4'),
	(15, '2023-07-11 20:57:22.373723+00', NULL, NULL, NULL, NULL, NULL, NULL, NULL, 1, 1, 7, NULL, 1, 'b8a30290-79ac-49bb-9a76-223532e62ae4'),
	(16, '2023-07-12 16:19:09.32764+00', NULL, NULL, NULL, NULL, NULL, NULL, NULL, 1, 1, 7, NULL, 1, 'b8a30290-79ac-49bb-9a76-223532e62ae4'),
	(17, '2023-07-12 16:28:22.415122+00', NULL, NULL, NULL, NULL, NULL, NULL, NULL, 1, 1, 7, NULL, 1, 'b8a30290-79ac-49bb-9a76-223532e62ae4'),
	(18, '2023-07-12 16:29:21.974469+00', NULL, NULL, NULL, NULL, NULL, NULL, NULL, 1, 1, 7, NULL, 1, 'b8a30290-79ac-49bb-9a76-223532e62ae4'),
	(19, '2023-07-12 21:30:01.378542+00', NULL, NULL, NULL, NULL, NULL, NULL, NULL, 1, 1, 7, NULL, 1, 'b8a30290-79ac-49bb-9a76-223532e62ae4'),
	(20, '2023-07-12 21:31:38.751663+00', NULL, NULL, NULL, NULL, NULL, NULL, NULL, 1, 1, 7, NULL, 1, 'b8a30290-79ac-49bb-9a76-223532e62ae4'),
	(21, '2023-07-12 21:33:39.835839+00', NULL, NULL, NULL, NULL, NULL, NULL, NULL, 1, 1, 7, NULL, 1, 'b8a30290-79ac-49bb-9a76-223532e62ae4'),
	(22, '2023-07-12 21:34:05.221284+00', NULL, NULL, NULL, NULL, NULL, NULL, NULL, 1, 1, 7, NULL, 1, 'b8a30290-79ac-49bb-9a76-223532e62ae4'),
	(23, '2023-07-12 21:35:05.008577+00', NULL, NULL, NULL, NULL, NULL, NULL, NULL, 1, 1, 7, NULL, 1, 'b8a30290-79ac-49bb-9a76-223532e62ae4'),
	(24, '2023-07-19 16:51:29.816714+00', NULL, NULL, NULL, NULL, NULL, NULL, NULL, 17, 2, 6, NULL, 1, 'b8a30290-79ac-49bb-9a76-223532e62ae4'),
	(25, '2023-07-24 18:15:00.637219+00', NULL, NULL, NULL, NULL, NULL, NULL, NULL, 44, 4, 327, NULL, 1, '0517efc0-1beb-4239-a522-748616a0d83f'),
	(26, '2023-07-24 18:50:56.299522+00', NULL, NULL, NULL, NULL, NULL, NULL, NULL, 33, 3, 369, NULL, 1, 'b8a30290-79ac-49bb-9a76-223532e62ae4'),
	(27, '2023-07-24 19:09:04.318236+00', NULL, NULL, NULL, NULL, NULL, NULL, NULL, 31, 3, 355, NULL, 1, '0517efc0-1beb-4239-a522-748616a0d83f'),
	(28, '2023-07-24 19:17:31.566384+00', NULL, NULL, NULL, NULL, NULL, NULL, NULL, 31, 3, 355, NULL, 1, '0517efc0-1beb-4239-a522-748616a0d83f'),
	(29, '2023-07-24 19:19:39.468234+00', NULL, NULL, NULL, NULL, NULL, NULL, NULL, 33, 3, 369, NULL, 1, 'b8a30290-79ac-49bb-9a76-223532e62ae4'),
	(30, '2023-07-24 19:20:32.228608+00', NULL, NULL, NULL, NULL, NULL, NULL, NULL, 33, 3, 369, NULL, 1, 'b8a30290-79ac-49bb-9a76-223532e62ae4'),
	(31, '2023-07-24 19:21:41.429521+00', NULL, NULL, NULL, NULL, NULL, NULL, NULL, 70, 7, 51, NULL, 1, '0517efc0-1beb-4239-a522-748616a0d83f'),
	(32, '2023-07-24 19:24:17.894794+00', NULL, NULL, NULL, NULL, NULL, NULL, NULL, 70, 7, 51, NULL, 1, '0517efc0-1beb-4239-a522-748616a0d83f'),
	(33, '2023-07-24 19:25:27.84497+00', NULL, NULL, NULL, NULL, NULL, NULL, NULL, 42, 4, 318, NULL, 1, 'b8a30290-79ac-49bb-9a76-223532e62ae4'),
	(34, '2023-07-24 19:28:57.411424+00', NULL, NULL, NULL, NULL, NULL, NULL, NULL, 23, 2, 257, NULL, 1, '0517efc0-1beb-4239-a522-748616a0d83f'),
	(35, '2023-07-24 19:31:36.601039+00', NULL, NULL, NULL, NULL, NULL, NULL, NULL, 33, 3, 369, NULL, 1, 'b8a30290-79ac-49bb-9a76-223532e62ae4'),
	(36, '2023-07-24 20:33:23.381931+00', NULL, NULL, NULL, NULL, NULL, NULL, NULL, 33, 3, 369, NULL, 1, 'b8a30290-79ac-49bb-9a76-223532e62ae4'),
	(37, '2023-07-25 15:39:44.410085+00', NULL, NULL, NULL, NULL, NULL, NULL, NULL, 2, 1, 145, NULL, 1, '0517efc0-1beb-4239-a522-748616a0d83f'),
	(38, '2023-07-25 17:27:21.048597+00', NULL, NULL, NULL, NULL, NULL, NULL, NULL, 34, 3, 372, NULL, 1, '0517efc0-1beb-4239-a522-748616a0d83f'),
	(39, '2023-07-25 19:12:43.118707+00', NULL, NULL, NULL, NULL, NULL, NULL, NULL, 24, 2, 262, NULL, 1, '0517efc0-1beb-4239-a522-748616a0d83f'),
	(40, '2023-07-25 19:15:21.674419+00', NULL, NULL, NULL, NULL, NULL, NULL, NULL, 26, 2, 277, NULL, 1, '0517efc0-1beb-4239-a522-748616a0d83f'),
	(46, '2023-07-26 14:18:06.56413+00', NULL, NULL, NULL, NULL, NULL, NULL, NULL, 3, 1, 157, NULL, 1, 'b8a30290-79ac-49bb-9a76-223532e62ae4'),
	(47, '2023-07-26 18:17:20.308567+00', NULL, NULL, NULL, NULL, NULL, NULL, NULL, 1, 1, 134, NULL, 1, 'b8a30290-79ac-49bb-9a76-223532e62ae4'),
	(48, '2023-07-26 20:14:31.330178+00', NULL, NULL, NULL, NULL, NULL, NULL, NULL, 23, 2, 257, NULL, 1, 'b8a30290-79ac-49bb-9a76-223532e62ae4'),
	(49, '2023-07-26 20:17:50.320457+00', NULL, NULL, NULL, NULL, NULL, NULL, NULL, 23, 2, 257, NULL, 1, 'b8a30290-79ac-49bb-9a76-223532e62ae4'),
	(50, '2023-07-26 20:25:44.189127+00', NULL, NULL, NULL, NULL, NULL, NULL, NULL, 1, 1, 131, NULL, 1, 'b8a30290-79ac-49bb-9a76-223532e62ae4'),
	(51, '2023-07-26 20:30:01.407919+00', NULL, NULL, NULL, NULL, NULL, NULL, NULL, 50, 5, 475, NULL, 1, 'b8a30290-79ac-49bb-9a76-223532e62ae4'),
	(52, '2023-07-26 20:31:52.226006+00', NULL, NULL, NULL, NULL, NULL, NULL, NULL, 50, 5, 476, NULL, 1, 'b8a30290-79ac-49bb-9a76-223532e62ae4'),
	(53, '2023-07-26 21:13:20.740363+00', NULL, NULL, NULL, NULL, NULL, NULL, NULL, 28, 2, 290, NULL, 1, '0517efc0-1beb-4239-a522-748616a0d83f'),
	(54, '2023-07-26 21:15:02.301489+00', NULL, NULL, NULL, NULL, NULL, NULL, NULL, 14, 1, 236, NULL, 1, '0517efc0-1beb-4239-a522-748616a0d83f'),
	(55, '2023-07-28 13:55:57.611039+00', NULL, NULL, NULL, NULL, NULL, NULL, NULL, 41, 4, 308, NULL, 1, '0517efc0-1beb-4239-a522-748616a0d83f'),
	(56, '2023-07-28 13:55:58.193082+00', NULL, NULL, NULL, NULL, NULL, NULL, NULL, 41, 4, 308, NULL, 1, '0517efc0-1beb-4239-a522-748616a0d83f'),
	(57, '2023-08-01 15:11:20.212219+00', NULL, NULL, NULL, NULL, NULL, NULL, NULL, 30, 3, 347, NULL, 1, 'b8a30290-79ac-49bb-9a76-223532e62ae4'),
	(58, '2023-08-01 15:13:15.684953+00', NULL, NULL, NULL, NULL, NULL, NULL, NULL, 25, 2, 271, NULL, 1, 'b8a30290-79ac-49bb-9a76-223532e62ae4'),
	(59, '2023-08-01 15:16:14.05222+00', NULL, NULL, NULL, NULL, NULL, NULL, NULL, 24, 2, 264, NULL, 1, '0517efc0-1beb-4239-a522-748616a0d83f'),
	(60, '2023-08-01 15:17:15.400198+00', NULL, NULL, NULL, NULL, NULL, NULL, NULL, 24, 2, 264, NULL, 1, '0517efc0-1beb-4239-a522-748616a0d83f'),
	(61, '2023-08-01 15:48:07.93579+00', NULL, NULL, NULL, NULL, NULL, NULL, NULL, 52, 5, 485, NULL, 1, '0517efc0-1beb-4239-a522-748616a0d83f'),
	(62, '2023-08-01 16:11:32.516164+00', NULL, NULL, NULL, NULL, NULL, NULL, NULL, 30, 3, 348, NULL, 1, 'b8a30290-79ac-49bb-9a76-223532e62ae4'),
	(63, '2023-08-03 19:05:46.785205+00', NULL, NULL, NULL, NULL, NULL, NULL, NULL, 23, 2, 256, NULL, 1, 'b8a30290-79ac-49bb-9a76-223532e62ae4'),
	(64, '2023-08-04 19:58:25.912854+00', NULL, NULL, NULL, NULL, NULL, NULL, NULL, 41, 4, 307, NULL, 1, 'b8a30290-79ac-49bb-9a76-223532e62ae4'),
	(65, '2023-08-04 20:01:43.410443+00', NULL, NULL, NULL, NULL, NULL, NULL, NULL, 50, 5, 475, NULL, 1, 'b8a30290-79ac-49bb-9a76-223532e62ae4'),
	(66, '2023-08-04 20:06:42.908434+00', NULL, NULL, NULL, NULL, NULL, NULL, NULL, 41, 4, 312, NULL, 1, 'b8a30290-79ac-49bb-9a76-223532e62ae4'),
	(67, '2023-08-04 21:24:59.033749+00', NULL, NULL, NULL, NULL, NULL, NULL, NULL, 36, 3, 383, NULL, 1, 'b8a30290-79ac-49bb-9a76-223532e62ae4'),
	(68, '2023-08-04 21:30:58.399376+00', NULL, NULL, NULL, NULL, NULL, NULL, NULL, 69, 7, 45, NULL, 1, 'b8a30290-79ac-49bb-9a76-223532e62ae4'),
	(69, '2023-08-07 15:45:05.845323+00', NULL, NULL, NULL, NULL, NULL, NULL, NULL, 31, 3, 354, NULL, 1, 'b8a30290-79ac-49bb-9a76-223532e62ae4'),
	(70, '2023-08-07 19:42:30.77584+00', NULL, NULL, NULL, NULL, NULL, NULL, NULL, 23, 2, 256, NULL, 1, '0777ad07-bddb-4251-b51b-4e9408eaa8cc'),
	(71, '2023-08-07 19:44:30.429346+00', NULL, NULL, NULL, NULL, NULL, NULL, NULL, 2, 1, 146, NULL, 1, '0777ad07-bddb-4251-b51b-4e9408eaa8cc'),
	(72, '2023-08-07 20:38:29.001155+00', NULL, NULL, NULL, NULL, NULL, NULL, NULL, 2, 1, 144, NULL, 1, '0777ad07-bddb-4251-b51b-4e9408eaa8cc'),
	(73, '2023-08-07 20:47:35.153916+00', NULL, NULL, NULL, NULL, NULL, NULL, NULL, 25, 2, 270, NULL, 1, '0777ad07-bddb-4251-b51b-4e9408eaa8cc'),
	(74, '2023-08-07 21:07:25.719576+00', NULL, NULL, NULL, NULL, NULL, NULL, NULL, 31, 3, 354, NULL, 1, '0777ad07-bddb-4251-b51b-4e9408eaa8cc'),
	(75, '2023-08-09 18:19:43.13334+00', NULL, NULL, NULL, NULL, NULL, NULL, NULL, 1, 1, 7, NULL, 1, '5f41591b-0850-47b7-b6a4-08251ba79b66'),
	(76, '2023-08-09 18:26:20.217998+00', NULL, NULL, NULL, NULL, NULL, NULL, NULL, 1, 1, 7, NULL, 1, '5f41591b-0850-47b7-b6a4-08251ba79b66'),
	(77, '2023-08-10 12:12:02.490831+00', NULL, NULL, NULL, NULL, NULL, NULL, NULL, 52, 5, 485, NULL, 1, '0777ad07-bddb-4251-b51b-4e9408eaa8cc'),
	(78, '2023-08-10 19:02:29.645823+00', NULL, NULL, NULL, NULL, NULL, NULL, NULL, 44, 4, 326, NULL, 1, 'af1e7269-288a-4ec5-8a86-307fefc7a03f'),
	(79, '2023-08-10 19:27:32.618607+00', NULL, NULL, NULL, NULL, NULL, NULL, NULL, 31, 3, 356, NULL, 1, '0517efc0-1beb-4239-a522-748616a0d83f'),
	(80, '2023-08-10 20:59:31.745731+00', NULL, NULL, NULL, NULL, NULL, NULL, NULL, 31, 3, 354, NULL, 1, '0777ad07-bddb-4251-b51b-4e9408eaa8cc'),
	(81, '2023-08-10 21:07:09.504031+00', NULL, NULL, NULL, NULL, NULL, NULL, NULL, 31, 3, 354, NULL, 1, '0777ad07-bddb-4251-b51b-4e9408eaa8cc'),
	(82, '2023-08-11 17:43:51.199888+00', NULL, NULL, NULL, NULL, NULL, NULL, NULL, 19, 4, 299, NULL, 1, '72ddf579-0400-407f-9a7b-903e7d3c6afa'),
	(83, '2023-08-11 17:46:01.944673+00', NULL, NULL, NULL, NULL, NULL, NULL, NULL, 19, 4, 299, NULL, 1, '72ddf579-0400-407f-9a7b-903e7d3c6afa'),
	(84, '2023-08-15 19:08:56.889126+00', NULL, NULL, NULL, NULL, NULL, NULL, NULL, 24, 2, 262, NULL, 1, '0517efc0-1beb-4239-a522-748616a0d83f'),
	(85, '2023-08-15 19:14:24.091556+00', NULL, NULL, NULL, NULL, NULL, NULL, NULL, 51, 5, 480, NULL, 1, '0517efc0-1beb-4239-a522-748616a0d83f'),
	(86, '2023-08-15 19:34:22.510024+00', NULL, NULL, NULL, NULL, NULL, NULL, NULL, 36, 3, 382, NULL, 1, '0517efc0-1beb-4239-a522-748616a0d83f'),
	(87, '2023-08-15 19:34:41.372925+00', NULL, NULL, NULL, NULL, NULL, NULL, NULL, 44, 4, 327, NULL, 1, '0517efc0-1beb-4239-a522-748616a0d83f'),
	(88, '2023-08-15 19:36:13.420366+00', NULL, NULL, NULL, NULL, NULL, NULL, NULL, 59, 6, 445, NULL, 1, '0517efc0-1beb-4239-a522-748616a0d83f'),
	(89, '2023-08-15 19:37:51.180305+00', NULL, NULL, NULL, NULL, NULL, NULL, NULL, 59, 6, 445, NULL, 1, '0517efc0-1beb-4239-a522-748616a0d83f'),
	(90, '2023-08-15 19:43:20.332108+00', NULL, NULL, NULL, NULL, NULL, NULL, NULL, 51, 5, 480, NULL, 1, '0517efc0-1beb-4239-a522-748616a0d83f'),
	(91, '2023-08-15 22:06:00.205424+00', NULL, NULL, NULL, NULL, NULL, NULL, NULL, 33, 3, 367, NULL, 1, 'b8a30290-79ac-49bb-9a76-223532e62ae4'),
	(92, '2023-08-15 22:14:37.104494+00', NULL, NULL, NULL, NULL, NULL, NULL, NULL, 34, 3, 372, NULL, 1, 'b8a30290-79ac-49bb-9a76-223532e62ae4'),
	(94, '2023-08-15 22:21:28.539004+00', NULL, NULL, NULL, NULL, NULL, NULL, NULL, 50, 5, 474, NULL, 1, 'b8a30290-79ac-49bb-9a76-223532e62ae4'),
	(95, '2023-08-15 22:25:03.800438+00', NULL, NULL, NULL, NULL, NULL, NULL, NULL, 51, 5, 480, NULL, 1, 'b8a30290-79ac-49bb-9a76-223532e62ae4'),
	(93, '2023-08-15 22:16:32.241704+00', NULL, NULL, NULL, NULL, NULL, NULL, NULL, 41, 4, 309, NULL, 1, 'b8a30290-79ac-49bb-9a76-223532e62ae4'),
	(96, '2023-08-15 22:34:01.835393+00', NULL, NULL, NULL, NULL, NULL, NULL, NULL, 33, 3, 369, NULL, 1, 'b8a30290-79ac-49bb-9a76-223532e62ae4'),
	(97, '2023-08-15 22:41:41.899743+00', NULL, NULL, NULL, NULL, NULL, NULL, NULL, 34, 3, 373, NULL, 1, 'b8a30290-79ac-49bb-9a76-223532e62ae4'),
	(98, '2023-08-15 22:54:39.341046+00', NULL, NULL, NULL, NULL, NULL, NULL, NULL, 35, 3, 377, NULL, 1, 'b8a30290-79ac-49bb-9a76-223532e62ae4'),
	(99, '2023-08-15 23:19:01.98396+00', NULL, NULL, NULL, NULL, NULL, NULL, NULL, 42, 4, 317, NULL, 1, 'b8a30290-79ac-49bb-9a76-223532e62ae4'),
	(100, '2023-08-15 23:22:38.910974+00', NULL, NULL, NULL, NULL, NULL, NULL, NULL, 23, 2, 256, NULL, 1, 'b8a30290-79ac-49bb-9a76-223532e62ae4'),
	(101, '2023-08-16 00:52:12.700134+00', NULL, NULL, NULL, NULL, NULL, NULL, NULL, 42, 4, 316, NULL, 1, 'b8a30290-79ac-49bb-9a76-223532e62ae4'),
	(102, '2023-08-16 03:42:29.376753+00', NULL, NULL, NULL, NULL, NULL, NULL, NULL, 23, 2, 256, NULL, 1, '0517efc0-1beb-4239-a522-748616a0d83f'),
	(103, '2023-08-16 03:45:50.484677+00', NULL, NULL, NULL, NULL, NULL, NULL, NULL, 24, 2, 263, NULL, 1, '0517efc0-1beb-4239-a522-748616a0d83f'),
	(104, '2023-08-16 03:57:43.695015+00', NULL, NULL, NULL, NULL, NULL, NULL, NULL, 24, 2, 264, NULL, 1, '0517efc0-1beb-4239-a522-748616a0d83f'),
	(105, '2023-08-16 03:59:25.156781+00', NULL, NULL, NULL, NULL, NULL, NULL, NULL, 31, 3, 354, NULL, 1, '0517efc0-1beb-4239-a522-748616a0d83f'),
	(106, '2023-08-16 04:05:49.781372+00', NULL, NULL, NULL, NULL, NULL, NULL, NULL, 31, 3, 355, NULL, 1, '0517efc0-1beb-4239-a522-748616a0d83f'),
	(107, '2023-08-16 04:08:55.727636+00', NULL, NULL, NULL, NULL, NULL, NULL, NULL, 33, 3, 369, NULL, 1, '0517efc0-1beb-4239-a522-748616a0d83f'),
	(108, '2023-08-16 04:11:49.984689+00', NULL, NULL, NULL, NULL, NULL, NULL, NULL, 30, 3, 351, NULL, 1, '0517efc0-1beb-4239-a522-748616a0d83f'),
	(109, '2023-08-16 10:29:26.400239+00', NULL, NULL, NULL, NULL, NULL, NULL, NULL, 27, 2, 285, NULL, 1, 'b8a30290-79ac-49bb-9a76-223532e62ae4'),
	(110, '2023-08-16 10:50:06.7555+00', NULL, NULL, NULL, NULL, NULL, NULL, NULL, 42, 4, 316, NULL, 1, 'b8a30290-79ac-49bb-9a76-223532e62ae4'),
	(111, '2023-08-16 10:52:36.667627+00', NULL, NULL, NULL, NULL, NULL, NULL, NULL, 43, 4, 322, NULL, 1, 'b8a30290-79ac-49bb-9a76-223532e62ae4'),
	(112, '2023-08-16 10:53:57.374268+00', NULL, NULL, NULL, NULL, NULL, NULL, NULL, 31, 3, 356, NULL, 1, 'b8a30290-79ac-49bb-9a76-223532e62ae4'),
	(113, '2023-08-16 11:00:59.263259+00', NULL, NULL, NULL, NULL, NULL, NULL, NULL, 52, 5, 485, NULL, 1, 'b8a30290-79ac-49bb-9a76-223532e62ae4'),
	(114, '2023-08-24 15:27:40.545468+00', NULL, NULL, NULL, NULL, NULL, NULL, NULL, 23, 2, 256, NULL, 1, '9ff9251c-1c89-41a9-b6ef-da3b8bd9adab'),
	(115, '2023-08-24 15:37:46.300011+00', NULL, NULL, NULL, NULL, NULL, NULL, NULL, 24, 2, 264, NULL, 1, '9ff9251c-1c89-41a9-b6ef-da3b8bd9adab'),
	(116, '2023-08-24 15:44:32.433304+00', NULL, NULL, NULL, NULL, NULL, NULL, NULL, 24, 2, 262, NULL, 1, '9ff9251c-1c89-41a9-b6ef-da3b8bd9adab'),
	(117, '2023-08-25 18:49:47.46576+00', NULL, NULL, NULL, NULL, NULL, NULL, NULL, 11, 1, 219, NULL, 1, '5f41591b-0850-47b7-b6a4-08251ba79b66'),
	(118, '2023-08-28 01:00:29.279696+00', NULL, NULL, NULL, NULL, NULL, NULL, NULL, 40, 4, 301, NULL, 1, '0777ad07-bddb-4251-b51b-4e9408eaa8cc'),
	(119, '2023-08-28 12:56:26.138466+00', NULL, NULL, NULL, NULL, NULL, NULL, NULL, 47, 4, 336, NULL, 1, '0777ad07-bddb-4251-b51b-4e9408eaa8cc'),
	(120, '2023-08-28 13:12:04.838281+00', NULL, NULL, NULL, NULL, NULL, NULL, NULL, 52, 5, 485, NULL, 1, '0777ad07-bddb-4251-b51b-4e9408eaa8cc'),
	(121, '2023-08-28 14:50:23.510283+00', NULL, NULL, NULL, NULL, NULL, NULL, NULL, 44, 4, 328, NULL, 1, '0777ad07-bddb-4251-b51b-4e9408eaa8cc'),
	(122, '2023-08-28 16:27:40.719051+00', NULL, NULL, NULL, NULL, NULL, NULL, NULL, 52, 5, 483, NULL, 1, '0777ad07-bddb-4251-b51b-4e9408eaa8cc'),
	(123, '2023-08-28 16:44:26.200255+00', NULL, NULL, NULL, NULL, NULL, NULL, NULL, 38, 3, 396, NULL, 1, '0777ad07-bddb-4251-b51b-4e9408eaa8cc'),
	(124, '2023-08-28 17:15:54.62009+00', NULL, NULL, NULL, NULL, NULL, NULL, NULL, 34, 3, 373, NULL, 1, '0777ad07-bddb-4251-b51b-4e9408eaa8cc'),
	(125, '2023-08-28 17:27:00.959855+00', NULL, NULL, NULL, NULL, NULL, NULL, NULL, 51, 5, 482, NULL, 1, '0777ad07-bddb-4251-b51b-4e9408eaa8cc'),
	(126, '2023-08-28 17:32:53.883224+00', NULL, NULL, NULL, NULL, NULL, NULL, NULL, 42, 4, 317, NULL, 1, '0777ad07-bddb-4251-b51b-4e9408eaa8cc'),
	(127, '2023-08-28 17:40:14.994045+00', NULL, NULL, NULL, NULL, NULL, NULL, NULL, 36, 3, 379, NULL, 1, '0777ad07-bddb-4251-b51b-4e9408eaa8cc'),
	(128, '2023-08-28 17:40:43.744528+00', NULL, NULL, NULL, NULL, NULL, NULL, NULL, 34, 3, 373, NULL, 1, '0777ad07-bddb-4251-b51b-4e9408eaa8cc'),
	(129, '2023-08-28 17:47:17.163598+00', NULL, NULL, NULL, NULL, NULL, NULL, NULL, 56, 6, 433, NULL, 1, '0777ad07-bddb-4251-b51b-4e9408eaa8cc'),
	(130, '2023-08-28 17:52:48.496989+00', NULL, NULL, NULL, NULL, NULL, NULL, NULL, 72, 7, 66, NULL, 1, '8ad6e0e4-39b7-4b5e-bd85-ad1ba3b8daae'),
	(131, '2023-08-28 17:56:16.929492+00', NULL, NULL, NULL, NULL, NULL, NULL, NULL, 72, 7, 66, NULL, 1, '8ad6e0e4-39b7-4b5e-bd85-ad1ba3b8daae'),
	(132, '2023-08-28 18:26:34.958045+00', NULL, NULL, NULL, NULL, NULL, NULL, NULL, 40, 4, 305, NULL, 1, '8ad6e0e4-39b7-4b5e-bd85-ad1ba3b8daae'),
	(133, '2023-08-28 18:33:15.808236+00', NULL, NULL, NULL, NULL, NULL, NULL, NULL, 30, 3, 350, NULL, 1, '8ad6e0e4-39b7-4b5e-bd85-ad1ba3b8daae'),
	(134, '2023-08-28 18:39:46.046851+00', NULL, NULL, NULL, NULL, NULL, NULL, NULL, 17, 2, 252, NULL, 1, '8ad6e0e4-39b7-4b5e-bd85-ad1ba3b8daae'),
	(135, '2023-08-29 10:31:57.792308+00', NULL, NULL, NULL, NULL, NULL, NULL, NULL, 72, 7, 66, NULL, 1, '8ad6e0e4-39b7-4b5e-bd85-ad1ba3b8daae'),
	(136, '2023-08-29 10:38:26.043568+00', NULL, NULL, NULL, NULL, NULL, NULL, NULL, 72, 7, 66, NULL, 1, '8ad6e0e4-39b7-4b5e-bd85-ad1ba3b8daae'),
	(137, '2023-08-29 15:22:08.463211+00', NULL, NULL, NULL, NULL, NULL, NULL, NULL, 72, 7, 66, NULL, 1, '8ad6e0e4-39b7-4b5e-bd85-ad1ba3b8daae'),
	(138, '2023-08-29 16:02:23.743451+00', NULL, NULL, NULL, NULL, NULL, NULL, NULL, 72, 7, 66, NULL, 1, '2cf81880-3206-4bb1-9734-ddcacd822d18'),
	(139, '2023-08-29 16:02:30.216572+00', NULL, NULL, NULL, NULL, NULL, NULL, NULL, 72, 7, 66, NULL, 1, '2cf81880-3206-4bb1-9734-ddcacd822d18'),
	(140, '2023-08-29 16:02:31.020335+00', NULL, NULL, NULL, NULL, NULL, NULL, NULL, 72, 7, 66, NULL, 1, '2cf81880-3206-4bb1-9734-ddcacd822d18'),
	(141, '2023-08-29 16:04:54.577749+00', NULL, NULL, NULL, NULL, NULL, NULL, NULL, 72, 7, 66, NULL, 1, '2cf81880-3206-4bb1-9734-ddcacd822d18'),
	(142, '2023-08-29 16:12:13.960002+00', NULL, NULL, NULL, NULL, NULL, NULL, NULL, 5, 1, 172, NULL, 1, '8ad6e0e4-39b7-4b5e-bd85-ad1ba3b8daae'),
	(143, '2023-08-29 16:13:32.978057+00', NULL, NULL, NULL, NULL, NULL, NULL, NULL, 5, 1, 172, NULL, 1, '8ad6e0e4-39b7-4b5e-bd85-ad1ba3b8daae'),
	(144, '2023-08-29 16:14:30.699916+00', NULL, NULL, NULL, NULL, NULL, NULL, NULL, 5, 1, 172, NULL, 1, '8ad6e0e4-39b7-4b5e-bd85-ad1ba3b8daae'),
	(145, '2023-08-29 18:21:48.542474+00', NULL, NULL, NULL, NULL, NULL, NULL, NULL, 72, 7, 66, NULL, 1, '2cf81880-3206-4bb1-9734-ddcacd822d18'),
	(146, '2023-08-29 18:22:45.01921+00', NULL, NULL, NULL, NULL, NULL, NULL, NULL, 72, 7, 66, NULL, 1, '2cf81880-3206-4bb1-9734-ddcacd822d18'),
	(147, '2023-08-29 18:27:43.366963+00', NULL, NULL, NULL, NULL, NULL, NULL, NULL, 40, 4, 305, NULL, 1, '8ad6e0e4-39b7-4b5e-bd85-ad1ba3b8daae'),
	(148, '2023-08-29 18:28:53.310385+00', NULL, NULL, NULL, NULL, NULL, NULL, NULL, 40, 4, 305, NULL, 1, '8ad6e0e4-39b7-4b5e-bd85-ad1ba3b8daae'),
	(149, '2023-08-29 18:29:39.549208+00', NULL, NULL, NULL, NULL, NULL, NULL, NULL, 40, 4, 305, NULL, 1, '8ad6e0e4-39b7-4b5e-bd85-ad1ba3b8daae'),
	(150, '2023-08-29 18:47:46.830203+00', NULL, NULL, NULL, NULL, NULL, NULL, NULL, 40, 4, 305, NULL, 1, '8ad6e0e4-39b7-4b5e-bd85-ad1ba3b8daae'),
	(151, '2023-08-29 18:48:41.872922+00', NULL, NULL, NULL, NULL, NULL, NULL, NULL, 40, 4, 305, NULL, 1, '8ad6e0e4-39b7-4b5e-bd85-ad1ba3b8daae'),
	(152, '2023-08-29 19:25:56.018096+00', NULL, NULL, NULL, NULL, NULL, NULL, NULL, 72, 7, 66, NULL, 1, '0dfdccab-0418-42bb-8768-5f9f7a58c52f'),
	(153, '2023-08-29 19:27:06.199977+00', NULL, NULL, NULL, NULL, NULL, NULL, NULL, 72, 7, 66, NULL, 1, '0dfdccab-0418-42bb-8768-5f9f7a58c52f'),
	(154, '2023-08-29 19:32:56.631433+00', NULL, NULL, NULL, NULL, NULL, NULL, NULL, 72, 7, 66, NULL, 1, '0dfdccab-0418-42bb-8768-5f9f7a58c52f'),
	(155, '2023-08-29 19:35:34.089608+00', NULL, NULL, NULL, NULL, NULL, NULL, NULL, 72, 7, 66, NULL, 1, '0dfdccab-0418-42bb-8768-5f9f7a58c52f'),
	(156, '2023-08-29 19:40:50.213983+00', NULL, NULL, NULL, NULL, NULL, NULL, NULL, 72, 7, 66, NULL, 1, '0dfdccab-0418-42bb-8768-5f9f7a58c52f'),
	(157, '2023-08-29 20:11:38.331837+00', NULL, NULL, NULL, NULL, NULL, NULL, NULL, 23, 2, 255, NULL, 1, '0777ad07-bddb-4251-b51b-4e9408eaa8cc'),
	(158, '2023-08-29 20:12:20.039202+00', NULL, NULL, NULL, NULL, NULL, NULL, NULL, 1, 1, 7, NULL, 1, '0777ad07-bddb-4251-b51b-4e9408eaa8cc'),
	(159, '2023-08-29 20:13:48.253329+00', NULL, NULL, NULL, NULL, NULL, NULL, NULL, 50, 5, 473, NULL, 1, '0777ad07-bddb-4251-b51b-4e9408eaa8cc'),
	(160, '2023-08-29 21:35:04.473456+00', NULL, NULL, NULL, NULL, NULL, NULL, NULL, 23, 2, 255, NULL, 1, '0777ad07-bddb-4251-b51b-4e9408eaa8cc'),
	(161, '2023-08-30 14:41:03.236249+00', NULL, NULL, NULL, NULL, NULL, NULL, NULL, 72, 7, 66, NULL, 1, '2cf81880-3206-4bb1-9734-ddcacd822d18'),
	(162, '2023-08-30 14:51:29.839682+00', NULL, NULL, NULL, NULL, NULL, NULL, NULL, 3, 1, 158, NULL, 1, '2cf81880-3206-4bb1-9734-ddcacd822d18'),
	(163, '2023-08-30 14:53:00.951798+00', NULL, NULL, NULL, NULL, NULL, NULL, NULL, 23, 2, 256, NULL, 1, '2cf81880-3206-4bb1-9734-ddcacd822d18'),
	(164, '2023-08-30 14:54:06.780194+00', NULL, NULL, NULL, NULL, NULL, NULL, NULL, 18, 3, 342, NULL, 1, '2cf81880-3206-4bb1-9734-ddcacd822d18'),
	(165, '2023-08-30 14:58:08.653138+00', NULL, NULL, NULL, NULL, NULL, NULL, NULL, 40, 4, 301, NULL, 1, '2cf81880-3206-4bb1-9734-ddcacd822d18'),
	(166, '2023-08-30 15:02:22.558764+00', NULL, NULL, NULL, NULL, NULL, NULL, NULL, 50, 5, 473, NULL, 1, '2cf81880-3206-4bb1-9734-ddcacd822d18'),
	(167, '2023-08-30 15:03:29.852858+00', NULL, NULL, NULL, NULL, NULL, NULL, NULL, 21, 6, 423, NULL, 1, '2cf81880-3206-4bb1-9734-ddcacd822d18'),
	(168, '2023-08-30 15:04:27.043722+00', NULL, NULL, NULL, NULL, NULL, NULL, NULL, 66, 7, 19, NULL, 1, '2cf81880-3206-4bb1-9734-ddcacd822d18'),
	(169, '2023-08-30 15:09:30.301031+00', NULL, NULL, NULL, NULL, NULL, NULL, NULL, 2, 1, 144, NULL, 1, '2cf81880-3206-4bb1-9734-ddcacd822d18'),
	(170, '2023-08-30 15:11:17.651101+00', NULL, NULL, NULL, NULL, NULL, NULL, NULL, 29, 2, 295, NULL, 1, '2cf81880-3206-4bb1-9734-ddcacd822d18'),
	(171, '2023-08-30 15:12:03.903754+00', NULL, NULL, NULL, NULL, NULL, NULL, NULL, 29, 2, 295, NULL, 1, '2cf81880-3206-4bb1-9734-ddcacd822d18'),
	(172, '2023-08-30 15:12:55.911328+00', NULL, NULL, NULL, NULL, NULL, NULL, NULL, 29, 2, 295, NULL, 1, '2cf81880-3206-4bb1-9734-ddcacd822d18'),
	(173, '2023-08-30 15:13:41.686384+00', NULL, NULL, NULL, NULL, NULL, NULL, NULL, 29, 2, 292, NULL, 1, '2cf81880-3206-4bb1-9734-ddcacd822d18'),
	(174, '2023-08-30 15:43:16.457784+00', NULL, NULL, NULL, NULL, NULL, NULL, NULL, 23, 2, 257, NULL, 1, 'b8a30290-79ac-49bb-9a76-223532e62ae4'),
	(175, '2023-08-30 15:50:26.805261+00', NULL, NULL, NULL, NULL, NULL, NULL, NULL, 28, 2, 288, NULL, 1, 'b8a30290-79ac-49bb-9a76-223532e62ae4'),
	(176, '2023-08-30 16:05:12.658604+00', NULL, NULL, NULL, NULL, NULL, NULL, NULL, 2, 1, 144, NULL, 1, '2cf81880-3206-4bb1-9734-ddcacd822d18'),
	(177, '2023-08-30 16:22:26.776147+00', NULL, NULL, NULL, NULL, NULL, NULL, NULL, 23, 2, 257, NULL, 1, '2cf81880-3206-4bb1-9734-ddcacd822d18'),
	(178, '2023-08-30 18:45:02.678749+00', NULL, NULL, NULL, NULL, NULL, NULL, NULL, 31, 3, 354, NULL, 1, '2cf81880-3206-4bb1-9734-ddcacd822d18'),
	(179, '2023-09-01 12:17:51.322932+00', NULL, NULL, NULL, NULL, NULL, NULL, NULL, 69, 7, 44, NULL, 1, 'b8a30290-79ac-49bb-9a76-223532e62ae4'),
	(180, '2023-09-05 15:26:41.907425+00', NULL, NULL, NULL, NULL, NULL, NULL, NULL, 31, 3, 354, NULL, 1, 'b8a30290-79ac-49bb-9a76-223532e62ae4'),
	(181, '2023-09-05 20:39:34.104472+00', NULL, NULL, NULL, NULL, NULL, NULL, NULL, 24, 2, 264, NULL, 1, 'b8a30290-79ac-49bb-9a76-223532e62ae4'),
	(182, '2023-09-15 18:44:32.781176+00', NULL, NULL, NULL, NULL, NULL, NULL, NULL, 50, 5, 473, NULL, 1, 'b8a30290-79ac-49bb-9a76-223532e62ae4'),
	(183, '2023-09-15 19:16:33.369975+00', NULL, NULL, NULL, NULL, NULL, NULL, NULL, 29, 2, 292, NULL, 1, '5f41591b-0850-47b7-b6a4-08251ba79b66'),
	(184, '2023-09-15 19:16:48.619553+00', NULL, NULL, NULL, NULL, NULL, NULL, NULL, 29, 2, 292, NULL, 1, '5f41591b-0850-47b7-b6a4-08251ba79b66'),
	(185, '2023-09-15 19:22:43.498749+00', NULL, NULL, NULL, NULL, NULL, NULL, NULL, 29, 2, 292, NULL, 1, '5f41591b-0850-47b7-b6a4-08251ba79b66'),
	(186, '2023-09-15 19:24:25.114919+00', NULL, NULL, NULL, NULL, NULL, NULL, NULL, 36, 3, 384, NULL, 1, '5f41591b-0850-47b7-b6a4-08251ba79b66'),
	(187, '2023-09-16 17:57:48.468354+00', NULL, NULL, NULL, NULL, NULL, NULL, NULL, 19, 4, 299, NULL, 1, '72ddf579-0400-407f-9a7b-903e7d3c6afa'),
	(188, '2023-09-18 13:12:41.241702+00', NULL, NULL, NULL, NULL, NULL, NULL, NULL, 31, 3, 356, NULL, 1, '0517efc0-1beb-4239-a522-748616a0d83f'),
	(189, '2023-09-18 20:03:11.06716+00', NULL, NULL, NULL, NULL, NULL, NULL, NULL, 31, 3, 356, NULL, 1, 'b8a30290-79ac-49bb-9a76-223532e62ae4'),
	(190, '2023-09-20 19:12:31.333666+00', NULL, NULL, NULL, NULL, NULL, NULL, NULL, 24, 2, 263, NULL, 1, '0517efc0-1beb-4239-a522-748616a0d83f'),
	(191, '2023-09-20 20:18:31.395997+00', NULL, NULL, NULL, NULL, NULL, NULL, NULL, 41, 4, 308, NULL, 1, 'b8a30290-79ac-49bb-9a76-223532e62ae4'),
	(192, '2023-09-20 21:35:46.278913+00', NULL, NULL, NULL, NULL, NULL, NULL, NULL, 30, 3, 348, NULL, 1, '0517efc0-1beb-4239-a522-748616a0d83f'),
	(193, '2023-09-25 13:58:14.804636+00', NULL, NULL, NULL, NULL, NULL, NULL, NULL, 31, 3, 355, NULL, 1, 'af1e7269-288a-4ec5-8a86-307fefc7a03f'),
	(194, '2023-09-26 20:52:48.489052+00', NULL, NULL, NULL, NULL, NULL, NULL, NULL, 34, 3, 374, NULL, 1, 'af1e7269-288a-4ec5-8a86-307fefc7a03f'),
	(195, '2023-09-26 20:52:53.694785+00', NULL, NULL, NULL, NULL, NULL, NULL, NULL, 34, 3, 374, NULL, 1, 'af1e7269-288a-4ec5-8a86-307fefc7a03f'),
	(196, '2023-10-06 14:29:22.06807+00', NULL, NULL, NULL, NULL, NULL, NULL, NULL, 53, 5, 488, NULL, 1, '5f41591b-0850-47b7-b6a4-08251ba79b66');


--
-- Data for Name: profiles; Type: TABLE DATA; Schema: public; Owner: postgres
--

INSERT INTO "public"."profiles" ("created_at", "first_name", "last_name", "user_id", "email") VALUES
	('2023-08-10 19:02:29.150927+00', 'gz', 'ga', 'af1e7269-288a-4ec5-8a86-307fefc7a03f', 'gerzarko@gmail.com'),
	('2023-07-26 21:15:02.469923+00', 'g', 'g', '0517efc0-1beb-4239-a522-748616a0d83f', 'germanzarkovich@gmail.com'),
	('2023-08-24 15:27:12.953536+00', 'german', 'zar', '9ff9251c-1c89-41a9-b6ef-da3b8bd9adab', 'gazarkovich@gmail.com'),
	('2023-08-07 21:07:25.086115+00', 'TestingAgain', 'Testing', '0777ad07-bddb-4251-b51b-4e9408eaa8cc', 'rachael.c.hurd@gmail.com'),
	('2023-08-28 17:52:47.975254+00', 'Maycol', 'Espinoza', '8ad6e0e4-39b7-4b5e-bd85-ad1ba3b8daae', 'mespinozap@ucenfotec.ac.cr'),
	('2023-08-29 16:02:23.185062+00', 'Maycol', 'Espinoza Ponce', '2cf81880-3206-4bb1-9734-ddcacd822d18', 'maycol.ponce@datagrove.com'),
	('2023-08-29 19:25:55.182309+00', 'Maycol', 'Espinoza Ponce', '0dfdccab-0418-42bb-8768-5f9f7a58c52f', 'espinozaponcemaycol@gmail.com'),
	('2023-08-11 17:43:50.386064+00', 'Toms ', 'Dozier ', '72ddf579-0400-407f-9a7b-903e7d3c6afa', 'tomas@datagrove.com'),
	('2023-08-09 18:19:42.494678+00', 'Meagan ', 'Smith', '5f41591b-0850-47b7-b6a4-08251ba79b66', 'mgnsmitty@yahoo.com'),
	('2023-07-11 20:57:22.594463+00', 'Awesomer', 'Saucier', 'b8a30290-79ac-49bb-9a76-223532e62ae4', 'rachael.southworth@datagrove.com');


--
-- Data for Name: clients; Type: TABLE DATA; Schema: public; Owner: postgres
--

INSERT INTO "public"."clients" ("user_id", "created_at", "location", "client_phone", "display_name", "image_url") VALUES
	('0517efc0-1beb-4239-a522-748616a0d83f', '2023-08-01 15:48:08.006147+00', 61, 123, 'g', NULL),
	('9ff9251c-1c89-41a9-b6ef-da3b8bd9adab', '2023-08-24 15:27:40.664367+00', 114, 12345678, 'ger', NULL),
	('5f41591b-0850-47b7-b6a4-08251ba79b66', '2023-08-25 18:49:47.5907+00', 117, 1234567890, 'User Meagan', NULL),
	('8ad6e0e4-39b7-4b5e-bd85-ad1ba3b8daae', '2023-08-29 10:31:58.041566+00', 135, 60280735, 'PotentialClient', NULL),
	('72ddf579-0400-407f-9a7b-903e7d3c6afa', '2023-09-16 17:57:48.532414+00', 187, 85815898, 'Tomas', NULL),
	('b8a30290-79ac-49bb-9a76-223532e62ae4', '2023-08-01 15:13:15.768859+00', 182, 315, 'Client #4', NULL);

--
-- Data for Name: providers; Type: TABLE DATA; Schema: public; Owner: postgres
--

INSERT INTO "public"."providers" ("created_at", "provider_name", "user_id", "location", "provider_phone", "image_url", "provider_id") VALUES
	('2023-07-28 13:55:57.853558+00', 'g', '0517efc0-1beb-4239-a522-748616a0d83f', 55, 'g', NULL, 1),
	('2023-08-24 15:44:32.554938+00', 'ger', '9ff9251c-1c89-41a9-b6ef-da3b8bd9adab', 116, '12345678', NULL, 11),
	('2023-08-28 17:52:48.611925+00', 'GeneralServices', '8ad6e0e4-39b7-4b5e-bd85-ad1ba3b8daae', 130, '60280735', NULL, 20),
	('2023-08-29 19:40:50.32649+00', 'GeneralServicesAS', '0dfdccab-0418-42bb-8768-5f9f7a58c52f', 156, '70280735', NULL, 31),
	('2023-08-11 17:43:51.320021+00', 'Programming for Good ', '72ddf579-0400-407f-9a7b-903e7d3c6afa', 82, '85815898 ', NULL, 9),
	('2023-08-30 14:41:03.355275+00', 'GeneralServices', '2cf81880-3206-4bb1-9734-ddcacd822d18', 161, '50280735', NULL, 36),
	('2023-08-09 18:26:20.371128+00', 'MEEEE', '5f41591b-0850-47b7-b6a4-08251ba79b66', 76, '1234567890', NULL, 5),
	('2023-08-03 19:05:47.022082+00', 'Provider', 'b8a30290-79ac-49bb-9a76-223532e62ae4', 63, '315', NULL, 2);


--
-- Data for Name: provider_post; Type: TABLE DATA; Schema: public; Owner: postgres
--

INSERT INTO "public"."provider_post" ("id", "created_at", "title", "service_category", "content", "location", "user_id", "image_urls", "promoted", "promotedStartDate", "promotedFinishDate") VALUES
	(21, '2023-08-04 19:58:26.055622+00', 'Test images urls', 5, 'Some really cool post content', 64, 'b8a30290-79ac-49bb-9a76-223532e62ae4', NULL, false, NULL, NULL),
	(22, '2023-08-04 20:01:43.606657+00', 'Test Image URLs Again', 4, 'This is another test of awesome posting', 65, 'b8a30290-79ac-49bb-9a76-223532e62ae4', NULL, false, NULL, NULL),
	(23, '2023-08-04 20:06:43.144265+00', 'Another images test', 6, 'See if all these images go on supabase', 66, 'b8a30290-79ac-49bb-9a76-223532e62ae4', NULL, false, NULL, NULL),
	(24, '2023-08-04 21:24:59.29601+00', 'Test Larger Image', 8, 'This is a test of a larger image', 67, 'b8a30290-79ac-49bb-9a76-223532e62ae4', NULL, false, NULL, NULL),
	(25, '2023-08-04 21:30:58.605326+00', 'Test if it is squishing images', 6, 'Test image output', 68, 'b8a30290-79ac-49bb-9a76-223532e62ae4', NULL, false, NULL, NULL),
	(26, '2023-08-07 15:45:06.077985+00', 'Tile Guy  Tile Installations  Tiled Back Splash  Mud Jobs  Mosaics', 3, 'Residential and Commercial

Specializes in all type of Tiling, all type of Flooring Refinish/Repair, and Bathroom/Basement/Kitchen/Back splash Tile Installation.

CALL to set up a consultation and free estimate at your business or home!

PHONE NUMBER

- We will meet with you to understand your vision and what you would like done.
- We help you design the layout and tell you exactly what can and can''t be done.
- We measure everything and give you an exact plan so you know all measurements.
- All prices are guaranteed with no additional added costs once work starts.

Let us make your Tiling/Flooring process fast and comfortable!

"ALL TYPE OF DESIGN AND TILE/FLOORING WORK"
"Hardwood & Engineered Flooring"
"Stairs"
"Repairs Refinish"
"All type of tile setting and repair/Mud Work
"Stone work/Pavers
"Flooring removal, leveling and patching"
"Moldings (all types)"', 69, 'b8a30290-79ac-49bb-9a76-223532e62ae4', NULL, false, NULL, NULL),
	(28, '2023-08-11 17:46:02.343714+00', 'Education without Funding', 6, 'We will help create education projects in your community', 83, '72ddf579-0400-407f-9a7b-903e7d3c6afa', NULL, false, NULL, NULL),
	(62, '2023-08-28 18:26:35.098579+00', 'Second_Test', 3, 'This is the second test.', 132, '8ad6e0e4-39b7-4b5e-bd85-ad1ba3b8daae', NULL, false, NULL, NULL),
	(63, '2023-08-28 18:33:15.922753+00', 'First Test', 9, 'This is the first test post.

Lorem Ipsum is simply dummy text of the printing and typesetting industry. Lorem Ipsum has been the industry''s standard dummy text ever since the 1500s, when an unknown printer took a galley of type and scrambled it to make a type specimen book. It has survived not only five centuries, but also the leap into electronic typesetting, remaining essentially unchanged. It was popularised in the 1960s with the release of Letraset sheets containing Lorem Ipsum passages, and more recently with desktop publishing software like Aldus PageMaker including versions of Lorem Ipsum.', 133, '8ad6e0e4-39b7-4b5e-bd85-ad1ba3b8daae', NULL, false, NULL, NULL),
	(64, '2023-08-28 18:39:46.150341+00', 'Third_test', 1, 'This is the third test post.

Lorem Ipsum is simply dummy text of the printing and typesetting industry. Lorem Ipsum has been the industry''s standard dummy text ever since the 1500s, when an unknown printer took a galley of type and scrambled it to make a type specimen book. It has survived not only five centuries, but also the leap into electronic typesetting, remaining essentially unchanged. It was popularised in the 1960s with the release of Letraset sheets containing Lorem Ipsum passages, and more recently with desktop publishing software like Aldus PageMaker including versions of Lorem Ipsum.', 134, '8ad6e0e4-39b7-4b5e-bd85-ad1ba3b8daae', NULL, false, NULL, NULL),
	(65, '2023-08-29 10:38:26.143028+00', 'I am looking for a specialist in gardening.', 1, 'Lorem Ipsum is simply dummy text of the printing and typesetting industry. Lorem Ipsum has been the industry''s standard dummy text ever since the 1500s, when an unknown printer took a galley of type and scrambled it to make a type specimen book. It has survived not only five centuries, but also the leap into electronic typesetting, remaining essentially unchanged. It was popularised in the 1960s with the release of Letraset sheets containing Lorem Ipsum passages, and more recently with desktop publishing software like Aldus PageMaker including versions of Lorem Ipsum.', 136, '8ad6e0e4-39b7-4b5e-bd85-ad1ba3b8daae', NULL, false, NULL, NULL),
	(66, '2023-08-29 15:22:08.570414+00', 'FilterTest', 4, 'Lorem Ipsum is simply dummy text of the printing and typesetting industry. Lorem Ipsum has been the industry''s standard dummy text ever since the 1500s, when an unknown printer took a galley of type and scrambled it to make a type specimen book. It has survived not only five centuries, but also the leap into electronic typesetting, remaining essentially unchanged. It was popularised in the 1960s with the release of Letraset sheets containing Lorem Ipsum passages, and more recently with desktop publishing software like Aldus PageMaker including versions of Lorem Ipsum.', 137, '8ad6e0e4-39b7-4b5e-bd85-ad1ba3b8daae', NULL, false, NULL, NULL),
	(67, '2023-08-29 16:12:14.079943+00', 'FiltersTest#1', 4, 'Lorem Ipsum is simply dummy text of the printing and typesetting industry. Lorem Ipsum has been the industry''s standard dummy text ever since the 1500s, when an unknown printer took a galley of type and scrambled it to make a type specimen book. It has survived not only five centuries, but also the leap into electronic typesetting, remaining essentially unchanged. It was popularised in the 1960s with the release of Letraset sheets containing Lorem Ipsum passages, and more recently with desktop publishing software like Aldus PageMaker including versions of Lorem Ipsum.', 142, '8ad6e0e4-39b7-4b5e-bd85-ad1ba3b8daae', NULL, false, NULL, NULL),
	(68, '2023-08-29 16:13:33.089052+00', 'FilterTest#2', 3, 'Lorem Ipsum is simply dummy text of the printing and typesetting industry. Lorem Ipsum has been the industry''s standard dummy text ever since the 1500s, when an unknown printer took a galley of type and scrambled it to make a type specimen book. It has survived not only five centuries, but also the leap into electronic typesetting, remaining essentially unchanged. It was popularised in the 1960s with the release of Letraset sheets containing Lorem Ipsum passages, and more recently with desktop publishing software like Aldus PageMaker including versions of Lorem Ipsum.', 143, '8ad6e0e4-39b7-4b5e-bd85-ad1ba3b8daae', NULL, false, NULL, NULL),
	(97, '2023-09-15 19:22:43.664362+00', 'Test the share and delete', 5, '<p>asdfasdfasdfasd</p>', 185, '5f41591b-0850-47b7-b6a4-08251ba79b66', NULL, false, NULL, NULL),
	(94, '2023-09-05 20:39:34.155754+00', 'This is a title', 3, '<p>This is another Test Post.<br><br><strong>Confirm quickbars is working</strong></p>', 181, 'b8a30290-79ac-49bb-9a76-223532e62ae4', NULL, true, NULL, NULL),
	(93, '2023-09-05 15:26:42.052395+00', 'Test Rich Text', 5, '<ul>
<li>Test&nbsp;
<ul>
<li>Test</li>
</ul>
</li>
<li>Another TEST</li>
</ul>
<blockquote>
<h3>Test&nbsp;</h3>
</blockquote>
<ol>
<li>numbered list</li>
<li>also numbered list</li>
</ol>', 180, 'b8a30290-79ac-49bb-9a76-223532e62ae4', NULL, true, NULL, NULL),
	(69, '2023-08-29 16:14:30.822276+00', 'FilterTest#3', 12, 'Lorem Ipsum is simply dummy text of the printing and typesetting industry. Lorem Ipsum has been the industry''s standard dummy text ever since the 1500s, when an unknown printer took a galley of type and scrambled it to make a type specimen book. It has survived not only five centuries, but also the leap into electronic typesetting, remaining essentially unchanged. It was popularised in the 1960s with the release of Letraset sheets containing Lorem Ipsum passages, and more recently with desktop publishing software like Aldus PageMaker including versions of Lorem Ipsum.', 144, '8ad6e0e4-39b7-4b5e-bd85-ad1ba3b8daae', NULL, false, NULL, NULL),
	(17, '2023-08-01 15:11:20.331519+00', 'Post Title', 2, 'Enter Post Content Here:This is post content', 57, 'b8a30290-79ac-49bb-9a76-223532e62ae4', NULL, true, NULL, NULL),
	(18, '2023-08-01 16:11:32.736986+00', 'Test category post', 1, 'Enter Post Content Herethis is post content', 62, 'b8a30290-79ac-49bb-9a76-223532e62ae4', NULL, true, NULL, NULL),
	(100, '2023-09-18 20:03:11.124536+00', 'Test creating post from installed app', 9, '<p>This is another test post from our PWA</p>', 189, 'b8a30290-79ac-49bb-9a76-223532e62ae4', NULL, false, NULL, NULL),
	(73, '2023-08-29 18:47:46.95324+00', 'TestSizePostCard#1', 3, 'This is a test of size card.', 150, '8ad6e0e4-39b7-4b5e-bd85-ad1ba3b8daae', NULL, false, NULL, NULL),
	(74, '2023-08-29 18:48:41.9912+00', 'TestSizePostCard#2', 4, 'This is a size Test.', 151, '8ad6e0e4-39b7-4b5e-bd85-ad1ba3b8daae', NULL, false, NULL, NULL),
	(75, '2023-08-30 14:51:29.946472+00', 'MVP Test 1.0', 2, 'Lorem Ipsum is simply dummy text of the printing and typesetting industry. Lorem Ipsum has been the industry''s standard dummy text ever since the 1500s, when an unknown printer took a galley of type and scrambled it to make a type specimen book. It has survived not only five centuries, but also the leap into electronic typesetting, remaining essentially unchanged. It was popularised in the 1960s with the release of Letraset sheets containing Lorem Ipsum passages, and more recently with desktop publishing software like Aldus PageMaker including versions of Lorem Ipsum.', 162, '2cf81880-3206-4bb1-9734-ddcacd822d18', NULL, false, NULL, NULL),
	(76, '2023-08-30 14:53:01.069745+00', 'MVP Test 1.0', 1, 'Lorem Ipsum is simply dummy text of the printing and typesetting industry. Lorem Ipsum has been the industry''s standard dummy text ever since the 1500s, when an unknown printer took a galley of type and scrambled it to make a type specimen book. It has survived not only five centuries, but also the leap into electronic typesetting, remaining essentially unchanged. It was popularised in the 1960s with the release of Letraset sheets containing Lorem Ipsum passages, and more recently with desktop publishing software like Aldus PageMaker including versions of Lorem Ipsum.', 163, '2cf81880-3206-4bb1-9734-ddcacd822d18', NULL, false, NULL, NULL),
	(77, '2023-08-30 14:54:06.882842+00', 'MVP Test 1.0', 3, 'Lorem Ipsum is simply dummy text of the printing and typesetting industry. Lorem Ipsum has been the industry''s standard dummy text ever since the 1500s, when an unknown printer took a galley of type and scrambled it to make a type specimen book. It has survived not only five centuries, but also the leap into electronic typesetting, remaining essentially unchanged. It was popularised in the 1960s with the release of Letraset sheets containing Lorem Ipsum passages, and more recently with desktop publishing software like Aldus PageMaker including versions of Lorem Ipsum.', 164, '2cf81880-3206-4bb1-9734-ddcacd822d18', NULL, false, NULL, NULL),
	(78, '2023-08-30 14:58:08.769977+00', 'MVP Test 1.0', 5, 'Lorem Ipsum is simply dummy text of the printing and typesetting industry. Lorem Ipsum has been the industry''s standard dummy text ever since the 1500s, when an unknown printer took a galley of type and scrambled it to make a type specimen book. It has survived not only five centuries, but also the leap into electronic typesetting, remaining essentially unchanged. It was popularised in the 1960s with the release of Letraset sheets containing Lorem Ipsum passages, and more recently with desktop publishing software like Aldus PageMaker including versions of Lorem Ipsum.', 165, '2cf81880-3206-4bb1-9734-ddcacd822d18', NULL, false, NULL, NULL),
	(79, '2023-08-30 15:02:22.66807+00', 'MVP Test 1.0', 4, 'Lorem Ipsum is simply dummy text of the printing and typesetting industry. Lorem Ipsum has been the industry''s standard dummy text ever since the 1500s, when an unknown printer took a galley of type and scrambled it to make a type specimen book. It has survived not only five centuries, but also the leap into electronic typesetting, remaining essentially unchanged. It was popularised in the 1960s with the release of Letraset sheets containing Lorem Ipsum passages, and more recently with desktop publishing software like Aldus PageMaker including versions of Lorem Ipsum.', 166, '2cf81880-3206-4bb1-9734-ddcacd822d18', NULL, false, NULL, NULL),
	(80, '2023-08-30 15:03:29.960357+00', 'MVP Test 1.0', 6, 'Lorem Ipsum is simply dummy text of the printing and typesetting industry. Lorem Ipsum has been the industry''s standard dummy text ever since the 1500s, when an unknown printer took a galley of type and scrambled it to make a type specimen book. It has survived not only five centuries, but also the leap into electronic typesetting, remaining essentially unchanged. It was popularised in the 1960s with the release of Letraset sheets containing Lorem Ipsum passages, and more recently with desktop publishing software like Aldus PageMaker including versions of Lorem Ipsum.', 167, '2cf81880-3206-4bb1-9734-ddcacd822d18', NULL, false, NULL, NULL),
	(81, '2023-08-30 15:04:27.150613+00', 'MVP Test 1.0', 7, 'Lorem Ipsum is simply dummy text of the printing and typesetting industry. Lorem Ipsum has been the industry''s standard dummy text ever since the 1500s, when an unknown printer took a galley of type and scrambled it to make a type specimen book. It has survived not only five centuries, but also the leap into electronic typesetting, remaining essentially unchanged. It was popularised in the 1960s with the release of Letraset sheets containing Lorem Ipsum passages, and more recently with desktop publishing software like Aldus PageMaker including versions of Lorem Ipsum.', 168, '2cf81880-3206-4bb1-9734-ddcacd822d18', NULL, false, NULL, NULL),
	(82, '2023-08-30 15:09:30.579686+00', 'MVP Test 1.1', 1, 'Lorem Ipsum is simply dummy text of the printing and typesetting industry.', 169, '2cf81880-3206-4bb1-9734-ddcacd822d18', NULL, false, NULL, NULL),
	(83, '2023-08-30 15:11:17.758847+00', 'MVP Test 1.1', 3, 'Lorem Ipsum.', 170, '2cf81880-3206-4bb1-9734-ddcacd822d18', NULL, false, NULL, NULL),
	(84, '2023-08-30 15:12:04.014773+00', 'MVP Test 1.1', 2, 'Lorem Ipsum.', 171, '2cf81880-3206-4bb1-9734-ddcacd822d18', NULL, false, NULL, NULL),
	(85, '2023-08-30 15:12:56.030035+00', 'MVP Test 1.1', 5, 'Lorem Ipsum.', 172, '2cf81880-3206-4bb1-9734-ddcacd822d18', NULL, false, NULL, NULL),
	(86, '2023-08-30 15:13:41.876495+00', 'MVP Test 1.1', 4, 'Lorem Ipsum.', 173, '2cf81880-3206-4bb1-9734-ddcacd822d18', NULL, false, NULL, NULL),
	(87, '2023-08-30 15:43:16.753713+00', 'test', 3, '<p>Test</p>', 174, 'b8a30290-79ac-49bb-9a76-223532e62ae4', NULL, false, NULL, NULL),
	(88, '2023-08-30 15:50:27.120408+00', 'Test rich text', 3, '<p>Tests<br><br><strong>TEst<br><br></strong><em>TEst</em></p>', 175, 'b8a30290-79ac-49bb-9a76-223532e62ae4', NULL, false, NULL, NULL),
	(89, '2023-08-30 16:05:12.770905+00', 'MVP Test 1.2', 1, 'Text validation in the description, successful.', 176, '2cf81880-3206-4bb1-9734-ddcacd822d18', NULL, false, NULL, NULL),
	(90, '2023-08-30 16:22:26.877557+00', 'MVP Test 1.2', 3, 'Do not upload image test. successful', 177, '2cf81880-3206-4bb1-9734-ddcacd822d18', NULL, false, NULL, NULL),
	(91, '2023-08-30 18:45:02.787083+00', 'MVP Test 1.3', 8, 'Size of Card (Responsive) Successful.
Post with multiples images. Succesful.', 178, '2cf81880-3206-4bb1-9734-ddcacd822d18', NULL, false, NULL, NULL),
	(92, '2023-09-01 12:17:51.613805+00', 'Title', 1, '<p>Test test</p>
<p>&nbsp;</p>', 179, 'b8a30290-79ac-49bb-9a76-223532e62ae4', NULL, false, NULL, NULL),
	(101, '2023-09-20 19:12:31.457644+00', 'arreglar computadoras', 4, '<p>arreglo computadoras y consolas atari</p>', 190, '0517efc0-1beb-4239-a522-748616a0d83f', NULL, false, NULL, NULL),
	(102, '2023-09-20 20:18:31.545462+00', 'Test TinyMCE as independent component', 10, '<h2>This is a <em>test</em></h2>', 191, 'b8a30290-79ac-49bb-9a76-223532e62ae4', NULL, false, NULL, NULL),
	(103, '2023-09-20 21:35:46.409722+00', 'test2', 7, '<p>test 2</p>', 192, '0517efc0-1beb-4239-a522-748616a0d83f', NULL, false, NULL, NULL);


--
-- Name: refresh_tokens_id_seq; Type: SEQUENCE SET; Schema: auth; Owner: supabase_auth_admin
--

SELECT pg_catalog.setval('"auth"."refresh_tokens_id_seq"', 1735, true);


--
-- Name: Country_id_seq; Type: SEQUENCE SET; Schema: public; Owner: postgres
--

SELECT pg_catalog.setval('"public"."Country_id_seq"', 1, true);


--
-- Name: Location_id_seq; Type: SEQUENCE SET; Schema: public; Owner: postgres
--

SELECT pg_catalog.setval('"public"."Location_id_seq"', 196, true);


--
-- Name: TEST_id_seq; Type: SEQUENCE SET; Schema: public; Owner: postgres
--

SELECT pg_catalog.setval('"public"."TEST_id_seq"', 1, true);


--
-- Name: cr_major_municipality_id_seq; Type: SEQUENCE SET; Schema: public; Owner: postgres
--

SELECT pg_catalog.setval('"public"."cr_major_municipality_id_seq"', 7, true);


--
-- Name: governing_district_id_seq; Type: SEQUENCE SET; Schema: public; Owner: postgres
--

SELECT pg_catalog.setval('"public"."governing_district_id_seq"', 491, true);


--
-- Name: language_id_seq; Type: SEQUENCE SET; Schema: public; Owner: postgres
--

SELECT pg_catalog.setval('"public"."language_id_seq"', 1, true);


--
-- Name: minor_municipality_id_seq; Type: SEQUENCE SET; Schema: public; Owner: postgres
--

SELECT pg_catalog.setval('"public"."minor_municipality_id_seq"', 84, true);


--
-- Name: post_category_id_seq; Type: SEQUENCE SET; Schema: public; Owner: postgres
--

SELECT pg_catalog.setval('"public"."post_category_id_seq"', 13, true);


--
-- Name: provider_post_id_seq; Type: SEQUENCE SET; Schema: public; Owner: postgres
--

SELECT pg_catalog.setval('"public"."provider_post_id_seq"', 104, true);


--
-- Name: providers_provider_id_seq; Type: SEQUENCE SET; Schema: public; Owner: postgres
--

SELECT pg_catalog.setval('"public"."providers_provider_id_seq"', 38, true);


--
-- PostgreSQL database dump complete
--

RESET ALL;
