--
-- PostgreSQL database dump
--

-- Dumped from database version 15.1 (Ubuntu 15.1-1.pgdg20.04+1)
-- Dumped by pg_dump version 15.4 (Ubuntu 15.4-1.pgdg20.04+1)

SET statement_timeout = 0;
SET lock_timeout = 0;
SET idle_in_transaction_session_timeout = 0;
SET client_encoding = 'UTF8';
SET standard_conforming_strings = on;
SELECT pg_catalog.set_config('search_path', '', false);
SET check_function_bodies = false;
SET xmloption = content;
SET client_min_messages = warning;
SET row_security = off;


--
-- Data for Name: users; Type: TABLE DATA; Schema: auth; Owner: supabase_auth_admin
--

INSERT INTO "auth"."users" ("instance_id", "id", "aud", "role", "email", "encrypted_password", "email_confirmed_at", "invited_at", "confirmation_token", "confirmation_sent_at", "recovery_token", "recovery_sent_at", "email_change_token_new", "email_change", "email_change_sent_at", "last_sign_in_at", "raw_app_meta_data", "raw_user_meta_data", "is_super_admin", "created_at", "updated_at", "phone", "phone_confirmed_at", "phone_change", "phone_change_token", "phone_change_sent_at", "email_change_token_current", "email_change_confirm_status", "banned_until", "reauthentication_token", "reauthentication_sent_at", "is_sso_user", "deleted_at") VALUES
	('00000000-0000-0000-0000-000000000000', 'b8a30290-79ac-49bb-9a76-223532e62ae4', 'authenticated', 'authenticated', 'rachael.southworth@datagrove.com', '$2a$10$4RDL1gESu3suZcNH0BkX2Opb5hPUKDDN0nS90/430IuC7SD1nTwDi', '2023-07-07 18:33:31.396043+00', NULL, '', '2023-07-07 18:33:25.373855+00', '', '2023-07-12 16:01:12.648719+00', '', '', NULL, '2023-10-06 19:25:59.967326+00', '{"provider": "email", "providers": ["email"]}', '{}', NULL, '2023-07-07 18:33:25.368983+00', '2023-10-06 19:25:59.974542+00', NULL, NULL, '', '', NULL, '', 0, NULL, '', NULL, false, NULL),
	('00000000-0000-0000-0000-000000000000', '0517efc0-1beb-4239-a522-748616a0d83f', 'authenticated', 'authenticated', 'germanzarkovich@gmail.com', '$2a$10$Sg1gCyIVSD.IuIg1mdQ/a.yBcmUZ5fPc3S2GMoP116vsk5/s45duC', '2023-07-17 17:51:12.019274+00', NULL, '', '2023-07-17 17:50:58.402603+00', '412eb64e66d130b692f1592658d6fcb0b456202960f870765d3bc0ba', '2023-08-14 18:53:08.293388+00', '', '', NULL, '2023-10-06 15:25:40.037511+00', '{"provider": "email", "providers": ["email"]}', '{}', NULL, '2023-07-17 17:50:58.388098+00', '2023-10-08 00:15:28.460819+00', NULL, NULL, '', '', NULL, '', 0, NULL, '', NULL, false, NULL),
	('00000000-0000-0000-0000-000000000000', '9ff9251c-1c89-41a9-b6ef-da3b8bd9adab', 'authenticated', 'authenticated', 'gazarkovich@gmail.com', '$2a$10$Eb4D5ObUEwxm5RDhDL3/0.mLRsm3X9LTGSeiMoCvj.y41q4CCzqie', '2023-08-24 15:13:38.999651+00', NULL, '', '2023-08-24 15:13:21.447776+00', '', NULL, '', '', NULL, '2023-08-24 15:13:39.000323+00', '{"provider": "email", "providers": ["email"]}', '{}', NULL, '2023-08-24 15:13:21.437477+00', '2023-08-24 18:25:53.655339+00', NULL, NULL, '', '', NULL, '', 0, NULL, '', NULL, false, NULL),
	('00000000-0000-0000-0000-000000000000', '0dfdccab-0418-42bb-8768-5f9f7a58c52f', 'authenticated', 'authenticated', 'espinozaponcemaycol@gmail.com', '$2a$10$YSXdorC8rsb7EzU4FPsw2.RGttbhYHJ61GdYh9UyjszQl9KwfW1Si', '2023-08-29 10:42:36.89721+00', NULL, '', '2023-08-29 10:42:14.87325+00', '', NULL, '', '', NULL, '2023-08-29 20:46:42.005625+00', '{"provider": "email", "providers": ["email"]}', '{}', NULL, '2023-08-29 10:42:14.861253+00', '2023-08-29 20:46:42.010081+00', NULL, NULL, '', '', NULL, '', 0, NULL, '', NULL, false, NULL),
	('00000000-0000-0000-0000-000000000000', '72ddf579-0400-407f-9a7b-903e7d3c6afa', 'authenticated', 'authenticated', 'tomas@datagrove.com', '$2a$10$fEOjIvrdbgjDeT4I5DC14OIBcpYzPreXvvqCrNVWkcufDhZkbNUle', '2023-08-02 15:08:35.390568+00', NULL, '', '2023-08-02 15:08:24.875935+00', '', NULL, '', '', NULL, '2023-09-26 15:15:29.194541+00', '{"provider": "email", "providers": ["email"]}', '{}', NULL, '2023-08-02 15:08:24.869935+00', '2023-10-03 16:10:27.262812+00', NULL, NULL, '', '', NULL, '', 0, NULL, '', NULL, false, NULL),
	('00000000-0000-0000-0000-000000000000', '1ae961ca-7404-4120-a095-b8d839d4db0e', 'authenticated', 'authenticated', 'andresvillac92@outlook.com', '$2a$10$51jUxgFKndaegWrUkiFyfusIUWXGiZJi0CDq/dr9IIxJaUHTlWSUi', '2023-09-14 21:07:03.021593+00', NULL, '', '2023-09-14 21:06:34.931317+00', '', NULL, '', '', NULL, '2023-09-14 21:20:35.564481+00', '{"provider": "email", "providers": ["email"]}', '{}', NULL, '2023-09-14 21:06:34.895635+00', '2023-09-14 22:20:21.813194+00', NULL, NULL, '', '', NULL, '', 0, NULL, '', NULL, false, NULL),
	('00000000-0000-0000-0000-000000000000', '2cf81880-3206-4bb1-9734-ddcacd822d18', 'authenticated', 'authenticated', 'maycol.ponce@datagrove.com', '$2a$10$IAMMDPDtbpoCgDyK3LiYYuWXBJ8gufLU.I8HqPOgvwht7dzVENW6.', '2023-08-22 18:56:19.85611+00', NULL, '', '2023-08-22 18:56:02.742851+00', '', '2023-09-13 19:38:07.711327+00', '', '', NULL, '2023-09-15 07:57:02.24425+00', '{"provider": "email", "providers": ["email"]}', '{}', NULL, '2023-08-22 18:56:02.734454+00', '2023-09-27 08:31:02.040432+00', NULL, NULL, '', '', NULL, '', 0, NULL, '', NULL, false, NULL),
	('00000000-0000-0000-0000-000000000000', '5f41591b-0850-47b7-b6a4-08251ba79b66', 'authenticated', 'authenticated', 'mgnsmitty@yahoo.com', '$2a$10$tjw5L.QBhFjslSGnUClATOvY8sIl/OoDeihsBDMFiSkKD9sF8N7tS', '2023-07-26 14:45:17.248923+00', NULL, '', '2023-07-26 14:44:59.14509+00', '', NULL, '', '', NULL, '2023-10-09 14:15:21.560871+00', '{"provider": "email", "providers": ["email"]}', '{}', NULL, '2023-07-26 14:44:59.13932+00', '2023-10-09 19:11:47.540408+00', NULL, NULL, '', '', NULL, '', 0, NULL, '', NULL, false, NULL),
	('00000000-0000-0000-0000-000000000000', '0777ad07-bddb-4251-b51b-4e9408eaa8cc', 'authenticated', 'authenticated', 'rachael.c.hurd@gmail.com', '$2a$10$eBYXdVHBYfL10daswCUsx.JhtdjlRjZXy4OU31sVBXE/qNg17H9U2', '2023-07-13 21:29:34.786674+00', NULL, '', '2023-07-13 21:29:01.93225+00', '', '2023-08-07 19:40:36.353712+00', '', '', '2023-08-24 02:01:14.65993+00', '2023-08-31 14:48:47.664428+00', '{"provider": "email", "providers": ["email"]}', '{}', NULL, '2023-07-13 21:29:01.924222+00', '2023-08-31 14:48:47.669989+00', NULL, NULL, '', '', NULL, '', 0, NULL, '', NULL, false, NULL),
	('00000000-0000-0000-0000-000000000000', '8ad6e0e4-39b7-4b5e-bd85-ad1ba3b8daae', 'authenticated', 'authenticated', 'mespinozap@ucenfotec.ac.cr', '$2a$10$GpnXpVqN.my2liNz1GjsUumFaS2ibZD9cCrsAzE/Ya8Ej32ZdKdNG', '2023-08-28 17:01:04.352658+00', NULL, '', '2023-08-28 17:00:44.236161+00', '', '2023-08-28 19:05:16.54001+00', '', '', NULL, '2023-08-29 19:15:07.618604+00', '{"provider": "email", "providers": ["email"]}', '{}', NULL, '2023-08-28 17:00:44.209284+00', '2023-08-29 19:21:09.428654+00', NULL, NULL, '', '', NULL, '', 0, NULL, '', NULL, false, NULL),
	('00000000-0000-0000-0000-000000000000', '58e01372-915b-4511-a3b0-7417db9a798c', 'authenticated', 'authenticated', 'meagan.smith@datagrove.com', '$2a$10$nW0831PuqvuwgVrGUDG3wOB7CgKq7vIdmo6lUZdoNLUH7CdaGMdTG', '2023-07-24 13:44:00.126412+00', NULL, '', '2023-07-24 13:43:51.292618+00', '', NULL, '', '', NULL, '2023-07-24 13:44:11.742247+00', '{"provider": "email", "providers": ["email"]}', '{}', NULL, '2023-07-24 13:43:51.289177+00', '2023-07-24 13:44:11.743793+00', NULL, NULL, '', '', NULL, '', 0, NULL, '', NULL, false, NULL),
	('00000000-0000-0000-0000-000000000000', 'af1e7269-288a-4ec5-8a86-307fefc7a03f', 'authenticated', 'authenticated', 'gerzarko@gmail.com', '$2a$10$xrw.s/IScT3TB5jJx8sMZupN3PdTdThCeC9gk7r1jCvyOPeSDrvTu', '2023-08-09 20:17:35.217392+00', NULL, '', '2023-08-09 20:17:18.116992+00', '', NULL, '', '', NULL, '2023-09-25 13:15:47.418789+00', '{"provider": "email", "providers": ["email"]}', '{}', NULL, '2023-08-09 20:17:18.092443+00', '2023-09-29 16:35:20.204524+00', NULL, NULL, '', '', NULL, '', 0, NULL, '', NULL, false, NULL);


--
-- Data for Name: identities; Type: TABLE DATA; Schema: auth; Owner: supabase_auth_admin
--

INSERT INTO "auth"."identities" ("id", "user_id", "identity_data", "provider", "last_sign_in_at", "created_at", "updated_at") VALUES
	('b8a30290-79ac-49bb-9a76-223532e62ae4', 'b8a30290-79ac-49bb-9a76-223532e62ae4', '{"sub": "b8a30290-79ac-49bb-9a76-223532e62ae4", "email": "rachael.southworth@datagrove.com"}', 'email', '2023-07-07 18:33:25.372393+00', '2023-07-07 18:33:25.372432+00', '2023-07-07 18:33:25.372432+00'),
	('0517efc0-1beb-4239-a522-748616a0d83f', '0517efc0-1beb-4239-a522-748616a0d83f', '{"sub": "0517efc0-1beb-4239-a522-748616a0d83f", "email": "germanzarkovich@gmail.com"}', 'email', '2023-07-17 17:50:58.396521+00', '2023-07-17 17:50:58.396564+00', '2023-07-17 17:50:58.396564+00'),
	('58e01372-915b-4511-a3b0-7417db9a798c', '58e01372-915b-4511-a3b0-7417db9a798c', '{"sub": "58e01372-915b-4511-a3b0-7417db9a798c", "email": "meagan.smith@datagrove.com"}', 'email', '2023-07-24 13:43:51.29136+00', '2023-07-24 13:43:51.291396+00', '2023-07-24 13:43:51.291396+00'),
	('5f41591b-0850-47b7-b6a4-08251ba79b66', '5f41591b-0850-47b7-b6a4-08251ba79b66', '{"sub": "5f41591b-0850-47b7-b6a4-08251ba79b66", "email": "mgnsmitty@yahoo.com"}', 'email', '2023-07-26 14:44:59.142575+00', '2023-07-26 14:44:59.142614+00', '2023-07-26 14:44:59.142614+00'),
	('72ddf579-0400-407f-9a7b-903e7d3c6afa', '72ddf579-0400-407f-9a7b-903e7d3c6afa', '{"sub": "72ddf579-0400-407f-9a7b-903e7d3c6afa", "email": "tomas@datagrove.com"}', 'email', '2023-08-02 15:08:24.873065+00', '2023-08-02 15:08:24.873103+00', '2023-08-02 15:08:24.873103+00'),
	('af1e7269-288a-4ec5-8a86-307fefc7a03f', 'af1e7269-288a-4ec5-8a86-307fefc7a03f', '{"sub": "af1e7269-288a-4ec5-8a86-307fefc7a03f", "email": "gerzarko@gmail.com"}', 'email', '2023-08-09 20:17:18.109354+00', '2023-08-09 20:17:18.109407+00', '2023-08-09 20:17:18.109407+00'),
	('2cf81880-3206-4bb1-9734-ddcacd822d18', '2cf81880-3206-4bb1-9734-ddcacd822d18', '{"sub": "2cf81880-3206-4bb1-9734-ddcacd822d18", "email": "maycol.ponce@datagrove.com"}', 'email', '2023-08-22 18:56:02.738391+00', '2023-08-22 18:56:02.738429+00', '2023-08-22 18:56:02.738429+00'),
	('0777ad07-bddb-4251-b51b-4e9408eaa8cc', '0777ad07-bddb-4251-b51b-4e9408eaa8cc', '{"sub": "0777ad07-bddb-4251-b51b-4e9408eaa8cc", "email": "rachael.c.hurd@gmail.com"}', 'email', '2023-07-13 21:29:01.927671+00', '2023-07-13 21:29:01.927708+00', '2023-08-24 02:03:14.628531+00'),
	('9ff9251c-1c89-41a9-b6ef-da3b8bd9adab', '9ff9251c-1c89-41a9-b6ef-da3b8bd9adab', '{"sub": "9ff9251c-1c89-41a9-b6ef-da3b8bd9adab", "email": "gazarkovich@gmail.com"}', 'email', '2023-08-24 15:13:21.443627+00', '2023-08-24 15:13:21.443668+00', '2023-08-24 15:13:21.443668+00'),
	('8ad6e0e4-39b7-4b5e-bd85-ad1ba3b8daae', '8ad6e0e4-39b7-4b5e-bd85-ad1ba3b8daae', '{"sub": "8ad6e0e4-39b7-4b5e-bd85-ad1ba3b8daae", "email": "mespinozap@ucenfotec.ac.cr"}', 'email', '2023-08-28 17:00:44.226926+00', '2023-08-28 17:00:44.226978+00', '2023-08-28 17:00:44.226978+00'),
	('0dfdccab-0418-42bb-8768-5f9f7a58c52f', '0dfdccab-0418-42bb-8768-5f9f7a58c52f', '{"sub": "0dfdccab-0418-42bb-8768-5f9f7a58c52f", "email": "espinozaponcemaycol@gmail.com"}', 'email', '2023-08-29 10:42:14.869188+00', '2023-08-29 10:42:14.869237+00', '2023-08-29 10:42:14.869237+00'),
	('1ae961ca-7404-4120-a095-b8d839d4db0e', '1ae961ca-7404-4120-a095-b8d839d4db0e', '{"sub": "1ae961ca-7404-4120-a095-b8d839d4db0e", "email": "andresvillac92@outlook.com"}', 'email', '2023-09-14 21:06:34.917504+00', '2023-09-14 21:06:34.917545+00', '2023-09-14 21:06:34.917545+00');


--
-- Data for Name: sessions; Type: TABLE DATA; Schema: auth; Owner: supabase_auth_admin
--

INSERT INTO "auth"."sessions" ("id", "user_id", "created_at", "updated_at", "factor_id", "aal", "not_after") VALUES
	('7d1aa984-6f73-497a-955a-554d36e48ded', 'b8a30290-79ac-49bb-9a76-223532e62ae4', '2023-08-31 14:49:20.952433+00', '2023-08-31 14:49:20.952433+00', NULL, 'aal1', NULL),
	('d59dbe5a-23d7-4b24-a719-70898f3c2697', 'b8a30290-79ac-49bb-9a76-223532e62ae4', '2023-08-31 20:32:07.077048+00', '2023-08-31 20:32:07.077048+00', NULL, 'aal1', NULL),
	('8d3d7993-7e28-4d58-8be5-052453fb559f', 'b8a30290-79ac-49bb-9a76-223532e62ae4', '2023-09-01 02:02:40.091603+00', '2023-09-01 02:02:40.091603+00', NULL, 'aal1', NULL),
	('99b00ec8-7b81-49cd-88e8-d21c78a6c5aa', 'b8a30290-79ac-49bb-9a76-223532e62ae4', '2023-09-01 13:34:51.404429+00', '2023-09-01 13:34:51.404429+00', NULL, 'aal1', NULL),
	('6cb622b2-5744-4b67-a2bb-2ec9b085b02e', 'b8a30290-79ac-49bb-9a76-223532e62ae4', '2023-09-01 18:01:41.97224+00', '2023-09-01 18:01:41.97224+00', NULL, 'aal1', NULL),
	('8868268c-bab0-4eba-b7f1-069e26adabe0', 'b8a30290-79ac-49bb-9a76-223532e62ae4', '2023-09-01 22:04:18.568541+00', '2023-09-01 22:04:18.568541+00', NULL, 'aal1', NULL),
	('0073c7d8-7c9c-4bac-b7d1-1ffe4ca06e67', 'b8a30290-79ac-49bb-9a76-223532e62ae4', '2023-09-02 01:09:18.122546+00', '2023-09-02 01:09:18.122546+00', NULL, 'aal1', NULL),
	('deed160e-6d01-4843-a483-73f604ef8654', 'b8a30290-79ac-49bb-9a76-223532e62ae4', '2023-09-05 20:21:19.835574+00', '2023-09-05 20:21:19.835574+00', NULL, 'aal1', NULL),
	('d0fc7ede-b1dd-4121-9508-f282e5f7964d', 'b8a30290-79ac-49bb-9a76-223532e62ae4', '2023-09-05 20:46:44.49143+00', '2023-09-05 20:46:44.49143+00', NULL, 'aal1', NULL),
	('1f5b63e1-58a1-4157-9dbe-8b1a572645b6', '72ddf579-0400-407f-9a7b-903e7d3c6afa', '2023-08-11 05:13:16.341671+00', '2023-08-11 05:13:16.341671+00', NULL, 'aal1', NULL),
	('9f18a9b1-5978-4265-93ce-1f7cf95024cd', '72ddf579-0400-407f-9a7b-903e7d3c6afa', '2023-08-11 17:43:10.491249+00', '2023-08-11 17:43:10.491249+00', NULL, 'aal1', NULL),
	('b21e1fbc-29f7-44aa-9f63-5df9a05c00a0', '72ddf579-0400-407f-9a7b-903e7d3c6afa', '2023-08-16 14:38:19.35597+00', '2023-08-16 14:38:19.35597+00', NULL, 'aal1', NULL),
	('3c5dc50c-706f-4973-b5ca-d56209fcbdac', 'b8a30290-79ac-49bb-9a76-223532e62ae4', '2023-09-13 18:45:17.275252+00', '2023-09-13 18:45:17.275252+00', NULL, 'aal1', NULL),
	('889b505a-62e4-4b43-a2da-d2927e0ddc32', 'af1e7269-288a-4ec5-8a86-307fefc7a03f', '2023-09-13 19:11:49.231568+00', '2023-09-13 19:11:49.231568+00', NULL, 'aal1', NULL),
	('64f389dd-050f-4386-87fa-dd9e12f41ddb', '72ddf579-0400-407f-9a7b-903e7d3c6afa', '2023-08-16 19:00:42.998924+00', '2023-08-16 19:00:42.998924+00', NULL, 'aal1', NULL),
	('879a546d-a6ed-4189-9b6c-65ec5a96b90a', '72ddf579-0400-407f-9a7b-903e7d3c6afa', '2023-08-16 19:02:48.234431+00', '2023-08-16 19:02:48.234431+00', NULL, 'aal1', NULL),
	('3b637091-76bf-457d-a415-04259a70a758', '72ddf579-0400-407f-9a7b-903e7d3c6afa', '2023-08-16 19:02:54.180385+00', '2023-08-16 19:02:54.180385+00', NULL, 'aal1', NULL),
	('340c5e55-976f-4373-98de-96f3ac1f3228', '72ddf579-0400-407f-9a7b-903e7d3c6afa', '2023-08-16 19:03:33.24829+00', '2023-08-16 19:03:33.24829+00', NULL, 'aal1', NULL),
	('257eff31-281c-433f-9d5d-a93a77541106', 'b8a30290-79ac-49bb-9a76-223532e62ae4', '2023-09-13 19:41:36.896967+00', '2023-09-13 19:41:36.896967+00', NULL, 'aal1', NULL),
	('a74ad273-c21a-4c11-a596-b2255559be95', 'b8a30290-79ac-49bb-9a76-223532e62ae4', '2023-09-14 15:39:47.816272+00', '2023-09-14 15:39:47.816272+00', NULL, 'aal1', NULL),
	('3a0344d9-d358-4231-ae20-a8ffe87024d2', '72ddf579-0400-407f-9a7b-903e7d3c6afa', '2023-08-21 14:53:54.900632+00', '2023-08-21 14:53:54.900632+00', NULL, 'aal1', NULL),
	('1a28f46a-6bfb-4aa7-8b0e-c7d2b9e50ba3', '72ddf579-0400-407f-9a7b-903e7d3c6afa', '2023-08-21 14:54:29.17032+00', '2023-08-21 14:54:29.17032+00', NULL, 'aal1', NULL),
	('ab6ad311-6d8b-4488-992a-20409fd48eab', '1ae961ca-7404-4120-a095-b8d839d4db0e', '2023-09-14 21:20:35.564549+00', '2023-09-14 21:20:35.564549+00', NULL, 'aal1', NULL),
	('a11b8607-31a6-4778-b296-fefc9e5246e0', '72ddf579-0400-407f-9a7b-903e7d3c6afa', '2023-08-21 14:55:04.355088+00', '2023-08-21 14:55:04.355088+00', NULL, 'aal1', NULL),
	('dc5232dd-ee2d-4588-9b28-df321788da25', '2cf81880-3206-4bb1-9734-ddcacd822d18', '2023-09-15 07:57:02.24432+00', '2023-09-15 07:57:02.24432+00', NULL, 'aal1', NULL),
	('8fc753ad-e148-49fd-94b8-a49e83cc8396', 'b8a30290-79ac-49bb-9a76-223532e62ae4', '2023-09-15 20:53:30.66631+00', '2023-09-15 20:53:30.66631+00', NULL, 'aal1', NULL),
	('29d29e3b-03ec-47eb-9be4-656470149621', 'b8a30290-79ac-49bb-9a76-223532e62ae4', '2023-09-15 21:15:28.83827+00', '2023-09-15 21:15:28.83827+00', NULL, 'aal1', NULL),
	('dada25aa-84c5-4239-92a0-42f3aa60c706', 'b8a30290-79ac-49bb-9a76-223532e62ae4', '2023-09-15 21:35:45.251959+00', '2023-09-15 21:35:45.251959+00', NULL, 'aal1', NULL),
	('fde54091-8f7c-4ab5-b420-219f2a7acb69', '72ddf579-0400-407f-9a7b-903e7d3c6afa', '2023-09-16 17:56:17.400225+00', '2023-09-16 17:56:17.400225+00', NULL, 'aal1', NULL),
	('1a33802e-3443-421c-9608-5c1fcf3e2326', 'b8a30290-79ac-49bb-9a76-223532e62ae4', '2023-09-18 15:50:53.476146+00', '2023-09-18 15:50:53.476146+00', NULL, 'aal1', NULL),
	('af9d4f9a-90ff-4c24-a121-577f29640ca2', '72ddf579-0400-407f-9a7b-903e7d3c6afa', '2023-08-10 16:26:50.391241+00', '2023-08-10 16:26:50.391241+00', NULL, 'aal1', NULL),
	('0df5f73c-4b31-4663-a040-8951a63ee9fa', 'b8a30290-79ac-49bb-9a76-223532e62ae4', '2023-09-18 16:07:59.640203+00', '2023-09-18 16:07:59.640203+00', NULL, 'aal1', NULL),
	('be09bb18-0fa8-48cc-a531-12c5fc736114', 'b8a30290-79ac-49bb-9a76-223532e62ae4', '2023-09-18 19:44:53.332592+00', '2023-09-18 19:44:53.332592+00', NULL, 'aal1', NULL),
	('c4c4da3a-70c3-4493-a139-3786f9b4ac26', 'b8a30290-79ac-49bb-9a76-223532e62ae4', '2023-09-18 20:26:39.436263+00', '2023-09-18 20:26:39.436263+00', NULL, 'aal1', NULL),
	('0bdbf41a-d995-4a50-9321-05cb216982c8', 'b8a30290-79ac-49bb-9a76-223532e62ae4', '2023-09-18 20:28:34.759461+00', '2023-09-18 20:28:34.759461+00', NULL, 'aal1', NULL),
	('423bf4ce-5711-45fe-9bd9-893de672962c', 'b8a30290-79ac-49bb-9a76-223532e62ae4', '2023-09-18 20:29:00.517567+00', '2023-09-18 20:29:00.517567+00', NULL, 'aal1', NULL),
	('63179718-f39a-4f26-adfb-27d404620e44', 'b8a30290-79ac-49bb-9a76-223532e62ae4', '2023-09-18 20:30:08.532031+00', '2023-09-18 20:30:08.532031+00', NULL, 'aal1', NULL),
	('15ba44a5-a84f-431a-8b27-0f24328104fe', 'b8a30290-79ac-49bb-9a76-223532e62ae4', '2023-09-18 20:33:22.409359+00', '2023-09-18 20:33:22.409359+00', NULL, 'aal1', NULL),
	('c03012b1-1e73-410c-8db7-f673c42089e6', 'b8a30290-79ac-49bb-9a76-223532e62ae4', '2023-09-18 20:37:14.800914+00', '2023-09-18 20:37:14.800914+00', NULL, 'aal1', NULL),
	('990e5588-e2dc-498b-a5e0-9ca2cb49f1b6', 'b8a30290-79ac-49bb-9a76-223532e62ae4', '2023-09-20 19:50:20.162364+00', '2023-09-20 19:50:20.162364+00', NULL, 'aal1', NULL),
	('53507e4b-5972-4d3f-88c3-43994b55e020', 'b8a30290-79ac-49bb-9a76-223532e62ae4', '2023-09-22 15:34:31.843903+00', '2023-09-22 15:34:31.843903+00', NULL, 'aal1', NULL),
	('3708ab58-2506-497a-86f8-500e5fd5f6eb', 'af1e7269-288a-4ec5-8a86-307fefc7a03f', '2023-09-25 13:15:47.418847+00', '2023-09-25 13:15:47.418847+00', NULL, 'aal1', NULL),
	('17868cd2-6584-49f9-a64b-47289d7d4f82', 'b8a30290-79ac-49bb-9a76-223532e62ae4', '2023-09-25 20:37:18.004716+00', '2023-09-25 20:37:18.004716+00', NULL, 'aal1', NULL),
	('1189561b-a12a-47bc-9f02-1b93002d6516', '72ddf579-0400-407f-9a7b-903e7d3c6afa', '2023-09-26 15:15:29.195383+00', '2023-09-26 15:15:29.195383+00', NULL, 'aal1', NULL),
	('0d7b08a4-1362-4618-b13b-d7489b70d615', 'b8a30290-79ac-49bb-9a76-223532e62ae4', '2023-09-26 18:51:02.598561+00', '2023-09-26 18:51:02.598561+00', NULL, 'aal1', NULL),
	('f932c414-3b85-4c55-8772-5a51434b38a6', 'b8a30290-79ac-49bb-9a76-223532e62ae4', '2023-09-26 18:54:44.401011+00', '2023-09-26 18:54:44.401011+00', NULL, 'aal1', NULL),
	('972510bc-8455-4328-bc38-b9c696cb87da', '5f41591b-0850-47b7-b6a4-08251ba79b66', '2023-09-26 19:07:49.1655+00', '2023-09-26 19:07:49.1655+00', NULL, 'aal1', NULL),
	('380cd811-198f-478e-a5c8-426b5c94f5b7', '5f41591b-0850-47b7-b6a4-08251ba79b66', '2023-09-26 19:08:52.85648+00', '2023-09-26 19:08:52.85648+00', NULL, 'aal1', NULL),
	('1573827d-9cd3-46ce-bdd8-3698efbc044d', '5f41591b-0850-47b7-b6a4-08251ba79b66', '2023-09-26 19:10:21.105662+00', '2023-09-26 19:10:21.105662+00', NULL, 'aal1', NULL),
	('10afa4d3-dc11-4ec1-a51c-970dbdac7b16', 'b8a30290-79ac-49bb-9a76-223532e62ae4', '2023-09-26 20:07:45.991102+00', '2023-09-26 20:07:45.991102+00', NULL, 'aal1', NULL),
	('721bf22f-24b9-4e53-8bfa-9d3d1ec5d712', 'b8a30290-79ac-49bb-9a76-223532e62ae4', '2023-09-26 20:18:09.496874+00', '2023-09-26 20:18:09.496874+00', NULL, 'aal1', NULL),
	('2d74beff-3675-48a4-864b-e54984d6923a', 'b8a30290-79ac-49bb-9a76-223532e62ae4', '2023-09-27 01:03:09.600993+00', '2023-09-27 01:03:09.600993+00', NULL, 'aal1', NULL),
	('464805cd-87c3-4ee8-9c57-8f91eb2e558a', 'b8a30290-79ac-49bb-9a76-223532e62ae4', '2023-09-27 01:04:00.627514+00', '2023-09-27 01:04:00.627514+00', NULL, 'aal1', NULL),
	('65fc4b16-4656-4014-98c5-42b1a1ec7b4d', 'b8a30290-79ac-49bb-9a76-223532e62ae4', '2023-09-27 01:07:11.749217+00', '2023-09-27 01:07:11.749217+00', NULL, 'aal1', NULL),
	('0965cd13-30c3-4dbb-86a2-0eeed4775487', 'b8a30290-79ac-49bb-9a76-223532e62ae4', '2023-09-27 14:40:23.569576+00', '2023-09-27 14:40:23.569576+00', NULL, 'aal1', NULL),
	('902df9d8-d81a-435d-936e-618a8d723b89', 'b8a30290-79ac-49bb-9a76-223532e62ae4', '2023-09-27 18:49:28.133826+00', '2023-09-27 18:49:28.133826+00', NULL, 'aal1', NULL),
	('0cc1eb59-a5f1-4ed8-afce-731f0c334be2', 'b8a30290-79ac-49bb-9a76-223532e62ae4', '2023-09-27 18:50:18.225496+00', '2023-09-27 18:50:18.225496+00', NULL, 'aal1', NULL),
	('58021f96-044b-425d-9f0f-5c8dd11de166', '5f41591b-0850-47b7-b6a4-08251ba79b66', '2023-09-27 18:52:23.453784+00', '2023-09-27 18:52:23.453784+00', NULL, 'aal1', NULL),
	('3ca3ca74-b8bf-425f-abec-b2dd63c01005', 'b8a30290-79ac-49bb-9a76-223532e62ae4', '2023-09-27 18:52:48.04814+00', '2023-09-27 18:52:48.04814+00', NULL, 'aal1', NULL),
	('8a5d7031-c65d-4588-a1c8-53291757dad9', '5f41591b-0850-47b7-b6a4-08251ba79b66', '2023-09-27 18:53:00.365717+00', '2023-09-27 18:53:00.365717+00', NULL, 'aal1', NULL),
	('3162b640-d5e4-491c-9d7e-946cd4d9b99a', 'b8a30290-79ac-49bb-9a76-223532e62ae4', '2023-09-27 18:53:10.942048+00', '2023-09-27 18:53:10.942048+00', NULL, 'aal1', NULL),
	('0d226e57-e621-45a8-b65a-d497fdd56b36', '5f41591b-0850-47b7-b6a4-08251ba79b66', '2023-09-27 18:54:23.104006+00', '2023-09-27 18:54:23.104006+00', NULL, 'aal1', NULL),
	('13ca3762-b6a0-4922-b92c-2e0126305d54', '5f41591b-0850-47b7-b6a4-08251ba79b66', '2023-09-27 18:54:54.910112+00', '2023-09-27 18:54:54.910112+00', NULL, 'aal1', NULL),
	('c08249e8-63c4-4623-b7f7-c7c3677f323b', 'b8a30290-79ac-49bb-9a76-223532e62ae4', '2023-09-29 14:39:12.963678+00', '2023-09-29 14:39:12.963678+00', NULL, 'aal1', NULL),
	('3c2b05f6-fd2b-4521-b7b2-6c53984290bd', '0517efc0-1beb-4239-a522-748616a0d83f', '2023-10-06 15:25:40.038383+00', '2023-10-06 15:25:40.038383+00', NULL, 'aal1', NULL),
	('a27819b1-8a4a-4065-aacc-20b5502fbdee', 'b8a30290-79ac-49bb-9a76-223532e62ae4', '2023-10-06 19:25:59.967381+00', '2023-10-06 19:25:59.967381+00', NULL, 'aal1', NULL),
	('559a2779-790c-4c3e-a08e-6ca99e76831e', '5f41591b-0850-47b7-b6a4-08251ba79b66', '2023-10-09 14:15:21.560923+00', '2023-10-09 14:15:21.560923+00', NULL, 'aal1', NULL);

--
-- Data for Name: TEST; Type: TABLE DATA; Schema: public; Owner: postgres
--

INSERT INTO "public"."TEST" ("id", "created_at") VALUES
	(1, '2023-06-30 20:23:37.698569+00');


--
-- Data for Name: country; Type: TABLE DATA; Schema: public; Owner: postgres
--

INSERT INTO "public"."country" ("id", "created_at", "country") VALUES
	(1, '2023-07-07 14:18:29.85077+00', 'Costa Rica');


--
-- Data for Name: major_municipality; Type: TABLE DATA; Schema: public; Owner: postgres
--

INSERT INTO "public"."major_municipality" ("id", "created_at", "major_municipality", "country") VALUES
	(1, '2023-07-07 14:46:39.74855+00', 'Alajuela', 1),
	(2, '2023-07-07 14:46:52.915538+00', 'Cartago', 1),
	(3, '2023-07-07 14:47:07.566904+00', 'Guanacaste', 1),
	(4, '2023-07-07 14:47:21.494838+00', 'Heredia', 1),
	(5, '2023-07-07 14:47:50.791231+00', 'Limón', 1),
	(6, '2023-07-07 14:48:13.945351+00', 'Puntarenas', 1),
	(7, '2023-07-07 14:48:34.836642+00', 'San José', 1);


--
-- Data for Name: minor_municipality; Type: TABLE DATA; Schema: public; Owner: postgres
--

INSERT INTO "public"."minor_municipality" ("id", "created_at", "minor_municipality", "major_municipality") VALUES
	(1, '2023-07-07 14:49:27.262652+00', 'Alajuela', 1),
	(2, '2023-07-07 14:49:45.393684+00', 'San Ramón', 1),
	(3, '2023-07-07 14:50:02.850319+00', 'Grecia', 1),
	(4, '2023-07-07 14:50:46.519736+00', 'San Mateo', 1),
	(5, '2023-07-07 14:51:01.426058+00', 'Atenas', 1),
	(6, '2023-07-07 14:51:19.320805+00', 'Naranjo', 1),
	(7, '2023-07-07 14:51:37.041104+00', 'Palmares', 1),
	(8, '2023-07-07 14:51:57.790651+00', 'Poás', 1),
	(9, '2023-07-07 14:52:13.968192+00', 'Orotina', 1),
	(10, '2023-07-07 14:52:31.543668+00', 'San Carlos', 1),
	(11, '2023-07-07 14:52:46.15924+00', 'Zarcero', 1),
	(12, '2023-07-07 14:53:08.29731+00', 'Sarchí', 1),
	(13, '2023-07-07 14:53:25.65138+00', 'Upala', 1),
	(14, '2023-07-07 14:53:39.799965+00', 'Los Chiles', 1),
	(15, '2023-07-07 14:54:00.542+00', 'Guatuso', 1),
	(16, '2023-07-07 14:54:18.791297+00', 'Río Cuarto', 1),
	(17, '2023-07-07 14:54:45.881935+00', 'Cartago', 2),
	(18, '2023-07-07 14:55:18.866806+00', 'Liberia', 3),
	(19, '2023-07-07 14:55:45.893716+00', 'Heredia', 4),
	(20, '2023-07-07 14:56:21.070207+00', 'Limón', 5),
	(21, '2023-07-07 14:56:52.533532+00', 'Buenos Aires', 6),
	(22, '2023-07-07 14:57:17.751367+00', 'San José', 7),
	(23, '2023-07-13 20:10:26.906781+00', 'Paraíso', 2),
	(24, '2023-07-13 20:10:26.906781+00', 'La Unión', 2),
	(25, '2023-07-13 20:10:26.906781+00', 'Jiménez', 2),
	(26, '2023-07-13 20:10:26.906781+00', 'Turrialba', 2),
	(27, '2023-07-13 20:10:26.906781+00', 'Alvarado', 2),
	(28, '2023-07-13 20:10:26.906781+00', 'Oreamuno', 2),
	(29, '2023-07-13 20:10:26.906781+00', 'El Guarco', 2),
	(30, '2023-07-13 20:10:26.906781+00', 'Nicoya', 3),
	(31, '2023-07-13 20:10:26.906781+00', 'Santa Cruz', 3),
	(33, '2023-07-13 20:10:26.906781+00', 'Carrillo', 3),
	(34, '2023-07-13 20:10:26.906781+00', 'Cañas', 3),
	(35, '2023-07-13 20:10:26.906781+00', 'Abangares', 3),
	(36, '2023-07-13 20:10:26.906781+00', 'Tilarán', 3),
	(37, '2023-07-13 20:10:26.906781+00', 'Nandayure', 3),
	(38, '2023-07-13 20:10:26.906781+00', 'La Cruz', 3),
	(39, '2023-07-13 20:10:26.906781+00', 'Hojancha', 3),
	(40, '2023-07-13 20:10:26.906781+00', 'Barva', 4),
	(41, '2023-07-13 20:10:26.906781+00', 'Santo Domingo', 4),
	(42, '2023-07-13 20:10:26.906781+00', 'Santa Bárbara', 4),
	(43, '2023-07-13 20:10:26.906781+00', 'San Rafael', 4),
	(44, '2023-07-13 20:10:26.906781+00', 'San Isidro', 4),
	(45, '2023-07-13 20:10:26.906781+00', 'Belén', 4),
	(47, '2023-07-13 20:10:26.906781+00', 'San Pablo', 4),
	(48, '2023-07-13 20:10:26.906781+00', 'Sarapiquí', 4),
	(49, '2023-07-13 20:10:26.906781+00', 'Pococí', 5),
	(50, '2023-07-13 20:10:26.906781+00', 'Siquirres', 5),
	(51, '2023-07-13 20:10:26.906781+00', 'Talamanca', 5),
	(52, '2023-07-13 20:10:26.906781+00', 'Matina', 5),
	(53, '2023-07-13 20:10:26.906781+00', 'Guácimo', 5),
	(54, '2023-07-13 20:10:26.906781+00', 'Puntarenas', 6),
	(55, '2023-07-13 20:10:26.906781+00', 'Esparza', 6),
	(56, '2023-07-13 20:10:26.906781+00', 'Montes de Oro', 6),
	(57, '2023-07-13 20:10:26.906781+00', 'Osa', 6),
	(59, '2023-07-13 20:10:26.906781+00', 'Golfito', 6),
	(60, '2023-07-13 20:10:26.906781+00', 'Coto Brus', 6),
	(61, '2023-07-13 20:10:26.906781+00', 'Parrita', 6),
	(62, '2023-07-13 20:10:26.906781+00', 'Corredores', 6),
	(63, '2023-07-13 20:10:26.906781+00', 'Garabito', 6),
	(64, '2023-07-13 20:10:26.906781+00', 'Puerto Jiménez', 6),
	(65, '2023-07-13 20:10:26.906781+00', 'Quepos', 6),
	(66, '2023-07-13 20:10:26.906781+00', 'Escazú', 7),
	(67, '2023-07-13 20:10:26.906781+00', 'Desamparados', 7),
	(68, '2023-07-13 20:10:26.906781+00', 'Puriscal', 7),
	(69, '2023-07-13 20:10:26.906781+00', 'Tarrazú', 7),
	(70, '2023-07-13 20:10:26.906781+00', 'Aserrí', 7),
	(71, '2023-07-13 20:10:26.906781+00', 'Mora', 7),
	(72, '2023-07-13 20:10:26.906781+00', 'Goicoechea', 7),
	(73, '2023-07-13 20:10:26.906781+00', 'Santa Ana', 7),
	(74, '2023-07-13 20:10:26.906781+00', 'Alajuelita', 7),
	(75, '2023-07-13 20:10:26.906781+00', 'Vásquez de Coronado', 7),
	(76, '2023-07-13 20:10:26.906781+00', 'Acosta', 7),
	(77, '2023-07-13 20:10:26.906781+00', 'Tibás', 7),
	(78, '2023-07-13 20:10:26.906781+00', 'Moravia', 7),
	(79, '2023-07-13 20:10:26.906781+00', 'Montes de Oca', 7),
	(80, '2023-07-13 20:10:26.906781+00', 'Turrubares', 7),
	(81, '2023-07-13 20:10:26.906781+00', 'Dota', 7),
	(82, '2023-07-13 20:10:26.906781+00', 'Curridabat', 7),
	(83, '2023-07-13 20:10:26.906781+00', 'Pérez Zeledón', 7),
	(84, '2023-07-13 20:10:26.906781+00', 'León Cortés', 7),
	(32, '2023-07-13 20:10:26.906781+00', 'Bagaces', 3),
	(58, '2023-07-13 20:10:26.906781+00', 'Monteverde', 6),
	(46, '2023-07-13 20:10:26.906781+00', 'Flores', 4);


--
-- Data for Name: governing_district; Type: TABLE DATA; Schema: public; Owner: postgres
--

INSERT INTO "public"."governing_district" ("id", "created_at", "governing_district", "minor_municipality") VALUES
	(1, '2023-07-07 14:57:45.531672+00', 'Carmen', 22),
	(2, '2023-07-07 14:59:44.412258+00', 'Buenos Aires', 21),
	(3, '2023-07-07 15:00:10.896289+00', 'Limón', 20),
	(4, '2023-07-07 15:00:38.327404+00', 'Heredia', 19),
	(5, '2023-07-07 15:01:18.559929+00', 'Liberia', 18),
	(6, '2023-07-07 15:01:48.641032+00', 'Oriental', 17),
	(7, '2023-07-07 15:02:15.061616+00', 'Alajuela', 1),
	(8, '2023-07-14 16:14:23.64637+00', 'Merced', 22),
	(9, '2023-07-14 16:14:23.64637+00', 'Hospital', 22),
	(10, '2023-07-14 16:14:23.64637+00', 'Catedral', 22),
	(11, '2023-07-14 16:14:23.64637+00', 'Zapote', 22),
	(12, '2023-07-14 16:14:23.64637+00', 'San Francisco de Dos Ríos', 22),
	(13, '2023-07-14 16:14:23.64637+00', 'Uruca ', 22),
	(14, '2023-07-14 16:14:23.64637+00', 'Mata Redonda', 22),
	(15, '2023-07-14 16:14:23.64637+00', 'Hatillo', 22),
	(16, '2023-07-14 16:14:23.64637+00', 'San Sebastián', 22),
	(17, '2023-07-14 16:14:23.64637+00', 'Pavas', 22),
	(18, '2023-07-14 16:14:23.64637+00', 'Escazú', 66),
	(19, '2023-07-14 16:14:23.64637+00', 'San Antonio', 66),
	(20, '2023-07-14 16:14:23.64637+00', 'San Rafael', 66),
	(21, '2023-07-14 16:14:23.64637+00', 'Desamparados', 67),
	(22, '2023-07-14 16:14:23.64637+00', 'San Miguel', 67),
	(23, '2023-07-14 16:14:23.64637+00', 'San Juan de Dios', 67),
	(24, '2023-07-14 16:14:23.64637+00', 'San Rafael arriba', 67),
	(25, '2023-07-14 16:14:23.64637+00', 'San Antonio', 67),
	(26, '2023-07-14 16:14:23.64637+00', 'Frailes', 67),
	(27, '2023-07-14 16:14:23.64637+00', 'Patarra', 67),
	(28, '2023-07-14 16:14:23.64637+00', 'San Cristobal', 67),
	(29, '2023-07-14 16:14:23.64637+00', 'Rosario', 67),
	(30, '2023-07-14 16:14:23.64637+00', 'Damas', 67),
	(31, '2023-07-14 16:14:23.64637+00', 'San Rafael abajo', 67),
	(32, '2023-07-14 16:14:23.64637+00', 'Gravilias', 67),
	(33, '2023-07-14 16:14:23.64637+00', 'Los Guido', 67),
	(34, '2023-07-14 16:14:23.64637+00', 'Santiago', 68),
	(35, '2023-07-14 16:14:23.64637+00', 'Mercedes Sur', 68),
	(36, '2023-07-14 16:14:23.64637+00', 'Barbacoas', 68),
	(37, '2023-07-14 16:14:23.64637+00', 'Grifo Alto', 68),
	(38, '2023-07-14 16:14:23.64637+00', 'San Rafael', 68),
	(39, '2023-07-14 16:14:23.64637+00', 'Candelarita', 68),
	(40, '2023-07-14 16:14:23.64637+00', 'Desamparaditos', 68),
	(41, '2023-07-14 16:14:23.64637+00', 'San Antonio', 68),
	(42, '2023-07-14 16:14:23.64637+00', 'Chires', 68),
	(43, '2023-07-14 16:14:23.64637+00', 'San Marcos', 69),
	(44, '2023-07-14 16:14:23.64637+00', 'San Lorenzo', 69),
	(45, '2023-07-14 16:14:23.64637+00', 'San Carlos', 69),
	(46, '2023-07-14 16:14:23.64637+00', 'Aserrí', 70),
	(47, '2023-07-14 16:14:23.64637+00', 'Tarbaca', 70),
	(48, '2023-07-14 16:14:23.64637+00', 'Vuelta de Jorco', 70),
	(49, '2023-07-14 16:14:23.64637+00', 'San Gabriel', 70),
	(50, '2023-07-14 16:14:23.64637+00', 'Legua', 70),
	(51, '2023-07-14 16:14:23.64637+00', 'Monterrey', 70),
	(52, '2023-07-14 16:14:23.64637+00', 'Salitrillos', 70),
	(53, '2023-07-14 16:14:23.64637+00', 'Colón', 71),
	(54, '2023-07-14 16:14:23.64637+00', 'Guayabo', 71),
	(55, '2023-07-14 16:14:23.64637+00', 'Tabarcia', 71),
	(56, '2023-07-14 16:14:23.64637+00', 'Piedras Negras', 71),
	(57, '2023-07-14 16:14:23.64637+00', 'Picagres', 71),
	(58, '2023-07-14 16:14:23.64637+00', 'Jaris', 71),
	(59, '2023-07-14 16:14:23.64637+00', 'Quitirrisí', 71),
	(60, '2023-07-14 16:14:23.64637+00', 'Guadalupe', 72),
	(61, '2023-07-14 16:14:23.64637+00', 'San Francisco', 72),
	(62, '2023-07-14 16:14:23.64637+00', 'Calle Blancos', 72),
	(63, '2023-07-14 16:14:23.64637+00', 'Mata de Plátano', 72),
	(64, '2023-07-14 16:14:23.64637+00', 'Ipis', 72),
	(65, '2023-07-14 16:14:23.64637+00', 'Rancho Redondo', 72),
	(66, '2023-07-14 16:14:23.64637+00', 'Purral', 72),
	(67, '2023-07-14 16:14:23.64637+00', 'Santa Ana', 73),
	(68, '2023-07-14 16:14:23.64637+00', 'Salitral', 73),
	(69, '2023-07-14 16:14:23.64637+00', 'Pozos', 73),
	(70, '2023-07-14 16:14:23.64637+00', 'Uruca ', 73),
	(71, '2023-07-14 16:14:23.64637+00', 'Piedades', 73),
	(72, '2023-07-14 16:14:23.64637+00', 'Brasil', 73),
	(73, '2023-07-14 16:14:23.64637+00', 'Alajuelita', 74),
	(74, '2023-07-14 16:14:23.64637+00', 'San Jocesito', 74),
	(75, '2023-07-14 16:14:23.64637+00', 'San Antonio', 74),
	(76, '2023-07-14 16:14:23.64637+00', 'Concepción', 74),
	(77, '2023-07-14 16:14:23.64637+00', 'San Felipe', 74),
	(78, '2023-07-14 16:14:23.64637+00', 'San Isidro', 75),
	(79, '2023-07-14 16:14:23.64637+00', 'San Rafael', 75),
	(80, '2023-07-14 16:14:23.64637+00', 'Dulce Nombre de Jesús', 75),
	(81, '2023-07-14 16:14:23.64637+00', 'Patalillo', 75),
	(82, '2023-07-14 16:14:23.64637+00', 'Cascajal', 75),
	(83, '2023-07-14 16:14:23.64637+00', 'San Ignacio', 76),
	(84, '2023-07-14 16:14:23.64637+00', 'Guaitil', 76),
	(85, '2023-07-14 16:14:23.64637+00', 'Palmichal', 76),
	(86, '2023-07-14 16:14:23.64637+00', 'Cangrejal', 76),
	(87, '2023-07-14 16:14:23.64637+00', 'Sabanillas', 76),
	(88, '2023-07-14 16:14:23.64637+00', 'Cinco Esquinas', 77),
	(89, '2023-07-14 16:14:23.64637+00', 'Anselmo Llorente', 77),
	(90, '2023-07-14 16:14:23.64637+00', ' León XIII', 77),
	(91, '2023-07-14 16:14:23.64637+00', 'Colima', 77),
	(92, '2023-07-14 16:14:23.64637+00', 'San Juan', 77),
	(93, '2023-07-14 16:14:23.64637+00', 'San Vicente', 78),
	(94, '2023-07-14 16:14:23.64637+00', 'San Jerónimo', 78),
	(95, '2023-07-14 16:14:23.64637+00', 'La Trinidad', 78),
	(96, '2023-07-14 16:14:23.64637+00', 'San Pedro', 79),
	(97, '2023-07-14 16:14:23.64637+00', 'Sabanilla', 79),
	(98, '2023-07-14 16:14:23.64637+00', 'Mercedes', 79),
	(99, '2023-07-14 16:14:23.64637+00', 'San Rafael', 79),
	(100, '2023-07-14 16:14:23.64637+00', 'San Pablo', 80),
	(101, '2023-07-14 16:14:23.64637+00', 'San Pedro', 80),
	(102, '2023-07-14 16:14:23.64637+00', 'San Juan de Mata', 80),
	(103, '2023-07-14 16:14:23.64637+00', 'San Luis', 80),
	(104, '2023-07-14 16:14:23.64637+00', 'Carara', 80),
	(105, '2023-07-14 16:14:23.64637+00', 'Santa María', 81),
	(106, '2023-07-14 16:14:23.64637+00', 'Jardín', 81),
	(107, '2023-07-14 16:14:23.64637+00', 'Copey', 81),
	(108, '2023-07-14 16:14:23.64637+00', 'Curridabat', 82),
	(109, '2023-07-14 16:14:23.64637+00', 'Granadilla', 82),
	(110, '2023-07-14 16:14:23.64637+00', 'Sánchez', 82),
	(111, '2023-07-14 16:14:23.64637+00', 'Tirrases', 82),
	(112, '2023-07-14 16:14:23.64637+00', 'San Isidro de El General', 83),
	(113, '2023-07-14 16:14:23.64637+00', 'El General', 83),
	(114, '2023-07-14 16:14:23.64637+00', 'Daniel Flores', 83),
	(115, '2023-07-14 16:14:23.64637+00', 'Rivas', 83),
	(116, '2023-07-14 16:14:23.64637+00', 'San Pedro', 83),
	(117, '2023-07-14 16:14:23.64637+00', 'Platanares', 83),
	(118, '2023-07-14 16:14:23.64637+00', 'Pejibaye', 83),
	(119, '2023-07-14 16:14:23.64637+00', 'Cajón', 83),
	(120, '2023-07-14 16:14:23.64637+00', 'Barú', 83),
	(121, '2023-07-14 16:14:23.64637+00', 'Río Nuevo', 83),
	(122, '2023-07-14 16:14:23.64637+00', 'Paramo', 83),
	(123, '2023-07-14 16:14:23.64637+00', 'La Amistad', 83),
	(124, '2023-07-14 16:14:23.64637+00', 'San Pablo', 84),
	(125, '2023-07-14 16:14:23.64637+00', 'San Andrés', 84),
	(126, '2023-07-14 16:14:23.64637+00', 'Llano Bonito', 84),
	(127, '2023-07-14 16:14:23.64637+00', 'San Isidro', 84),
	(128, '2023-07-14 16:14:23.64637+00', 'Santa Cruz', 84),
	(129, '2023-07-14 16:14:23.64637+00', 'San Antonio', 84),
	(130, '2023-07-14 16:14:23.64637+00', 'San José', 1),
	(131, '2023-07-14 16:14:23.64637+00', 'Carrizal', 1),
	(132, '2023-07-14 16:14:23.64637+00', 'San Antonio', 1),
	(133, '2023-07-14 16:14:23.64637+00', 'Guácima', 1),
	(134, '2023-07-14 16:14:23.64637+00', 'San Isidro', 1),
	(135, '2023-07-14 16:14:23.64637+00', 'Sabanilla', 1),
	(136, '2023-07-14 16:14:23.64637+00', 'San Rafael', 1),
	(137, '2023-07-14 16:14:23.64637+00', 'Río Segundo', 1),
	(138, '2023-07-14 16:14:23.64637+00', 'Desamparados', 1),
	(139, '2023-07-14 16:14:23.64637+00', 'Turrucares', 1),
	(140, '2023-07-14 16:14:23.64637+00', 'Tambor', 1),
	(141, '2023-07-14 16:14:23.64637+00', 'Garita', 1),
	(142, '2023-07-14 16:14:23.64637+00', 'Sarapiquí', 1),
	(143, '2023-07-14 16:14:23.64637+00', 'San Ramón', 2),
	(144, '2023-07-14 16:14:23.64637+00', 'Santiago', 2),
	(145, '2023-07-14 16:14:23.64637+00', 'San Juan', 2),
	(146, '2023-07-14 16:14:23.64637+00', 'Piedades Norte', 2),
	(147, '2023-07-14 16:14:23.64637+00', 'Piedades Sur', 2),
	(148, '2023-07-14 16:14:23.64637+00', 'San Rafael', 2),
	(149, '2023-07-14 16:14:23.64637+00', 'San Isidro', 2),
	(150, '2023-07-14 16:14:23.64637+00', 'Ángeles', 2),
	(151, '2023-07-14 16:14:23.64637+00', 'Alfaro', 2),
	(152, '2023-07-14 16:14:23.64637+00', 'Volio', 2),
	(153, '2023-07-14 16:14:23.64637+00', 'Concepción', 2),
	(154, '2023-07-14 16:14:23.64637+00', 'Zapotal', 2),
	(155, '2023-07-14 16:14:23.64637+00', ' Peñas Blancas', 2),
	(156, '2023-07-14 16:14:23.64637+00', 'San Lorenzo', 2),
	(157, '2023-07-14 16:14:23.64637+00', 'Grecia', 3),
	(158, '2023-07-14 16:14:23.64637+00', 'San Isidro', 3),
	(159, '2023-07-14 16:14:23.64637+00', 'San José', 3),
	(160, '2023-07-14 16:14:23.64637+00', 'San Roque', 3),
	(161, '2023-07-14 16:14:23.64637+00', 'Tacares', 3),
	(162, '2023-07-14 16:14:23.64637+00', 'Puente de Piedra', 3),
	(163, '2023-07-14 16:14:23.64637+00', 'Bolivar', 3),
	(164, '2023-07-14 16:14:23.64637+00', 'San Mateo', 4),
	(165, '2023-07-14 16:14:23.64637+00', 'Desmonte', 4),
	(166, '2023-07-14 16:14:23.64637+00', 'Jesús María', 4),
	(167, '2023-07-14 16:14:23.64637+00', 'Labrador', 4),
	(168, '2023-07-14 16:14:23.64637+00', 'Atenas', 5),
	(169, '2023-07-14 16:14:23.64637+00', 'Jesús', 5),
	(170, '2023-07-14 16:14:23.64637+00', 'Mercedes', 5),
	(171, '2023-07-14 16:14:23.64637+00', 'San Isidro', 5),
	(172, '2023-07-14 16:14:23.64637+00', 'Concepción', 5),
	(173, '2023-07-14 16:14:23.64637+00', 'San José', 5),
	(174, '2023-07-14 16:14:23.64637+00', 'Santa Eulalia', 5),
	(175, '2023-07-14 16:14:23.64637+00', 'Escobal', 5),
	(176, '2023-07-14 16:14:23.64637+00', 'Naranjo', 6),
	(177, '2023-07-14 16:14:23.64637+00', 'San Miguel', 6),
	(178, '2023-07-14 16:14:23.64637+00', 'San José', 6),
	(179, '2023-07-14 16:14:23.64637+00', 'Cirrí Sur', 6),
	(180, '2023-07-14 16:14:23.64637+00', 'San Jerónimo', 6),
	(181, '2023-07-14 16:14:23.64637+00', 'San Juan', 6),
	(182, '2023-07-14 16:14:23.64637+00', 'El Rosario', 6),
	(183, '2023-07-14 16:14:23.64637+00', 'Palmitos', 6),
	(184, '2023-07-14 16:14:23.64637+00', 'Palmares', 7),
	(185, '2023-07-14 16:14:23.64637+00', 'Zaragoza', 7),
	(186, '2023-07-14 16:14:23.64637+00', 'Buenos Aires', 7),
	(187, '2023-07-14 16:14:23.64637+00', 'Santiago', 7),
	(188, '2023-07-14 16:14:23.64637+00', 'Candelaria', 7),
	(189, '2023-07-14 16:14:23.64637+00', 'Esquipulas', 7),
	(190, '2023-07-14 16:14:23.64637+00', 'La Granja', 7),
	(191, '2023-07-14 16:14:23.64637+00', 'San Pedro', 8),
	(192, '2023-07-14 16:14:23.64637+00', 'San Juan', 8),
	(193, '2023-07-14 16:14:23.64637+00', 'San Rafael', 8),
	(194, '2023-07-14 16:14:23.64637+00', 'Carrillos', 8),
	(195, '2023-07-14 16:14:23.64637+00', 'Sabana Redonda', 8),
	(196, '2023-07-14 16:14:23.64637+00', 'Orotina', 9),
	(197, '2023-07-14 16:14:23.64637+00', 'El Mastate', 9),
	(198, '2023-07-14 16:14:23.64637+00', 'Hacienda Vieja', 9),
	(199, '2023-07-14 16:14:23.64637+00', 'Coyolar', 9),
	(200, '2023-07-14 16:14:23.64637+00', 'La Ceiba', 9),
	(201, '2023-07-14 16:14:23.64637+00', 'Quesada', 10),
	(202, '2023-07-14 16:14:23.64637+00', 'Florencia', 10),
	(203, '2023-07-14 16:14:23.64637+00', 'Buenavista', 10),
	(204, '2023-07-14 16:14:23.64637+00', 'Aguas Zarcas', 10),
	(205, '2023-07-14 16:14:23.64637+00', 'Venecia', 10),
	(206, '2023-07-14 16:14:23.64637+00', 'Pital', 10),
	(207, '2023-07-14 16:14:23.64637+00', 'La Fortuna', 10),
	(208, '2023-07-14 16:14:23.64637+00', 'La Tigra', 10),
	(209, '2023-07-14 16:14:23.64637+00', 'La Palmera', 10),
	(210, '2023-07-14 16:14:23.64637+00', 'Venado', 10),
	(211, '2023-07-14 16:14:23.64637+00', 'Cutris', 10),
	(212, '2023-07-14 16:14:23.64637+00', 'Monterrey', 10),
	(213, '2023-07-14 16:14:23.64637+00', 'Pocosol', 10),
	(214, '2023-07-14 16:14:23.64637+00', 'Zarcero', 11),
	(215, '2023-07-14 16:14:23.64637+00', 'Laguna', 11),
	(216, '2023-07-14 16:14:23.64637+00', 'Tapesco', 11),
	(217, '2023-07-14 16:14:23.64637+00', 'Guadalupe', 11),
	(218, '2023-07-14 16:14:23.64637+00', 'Palmira', 11),
	(219, '2023-07-14 16:14:23.64637+00', 'Zapote', 11),
	(220, '2023-07-14 16:14:23.64637+00', 'Brisas', 11),
	(221, '2023-07-14 16:14:23.64637+00', 'Sarchí Norte', 12),
	(222, '2023-07-14 16:14:23.64637+00', 'Sarchí Sur', 12),
	(223, '2023-07-14 16:14:23.64637+00', 'Toro Amarillo', 12),
	(224, '2023-07-14 16:14:23.64637+00', 'San Pedro', 12),
	(225, '2023-07-14 16:14:23.64637+00', 'Rodríguez', 12),
	(226, '2023-07-14 16:14:23.64637+00', 'Upala', 13),
	(227, '2023-07-14 16:14:23.64637+00', 'Aguas Claras', 13),
	(228, '2023-07-14 16:14:23.64637+00', 'Pizote (San Jose)', 13),
	(229, '2023-07-14 16:14:23.64637+00', 'Bijagua', 13),
	(230, '2023-07-14 16:14:23.64637+00', 'Delicias', 13),
	(231, '2023-07-14 16:14:23.64637+00', 'Dos Ríos', 13),
	(232, '2023-07-14 16:14:23.64637+00', 'Yolillal', 13),
	(233, '2023-07-14 16:14:23.64637+00', 'Canalete', 13),
	(234, '2023-07-14 16:14:23.64637+00', 'Los Chiles', 14),
	(235, '2023-07-14 16:14:23.64637+00', 'Caño Negro', 14),
	(236, '2023-07-14 16:14:23.64637+00', 'El Amparo', 14),
	(237, '2023-07-14 16:14:23.64637+00', 'San Jorge', 14),
	(238, '2023-07-14 16:14:23.64637+00', 'San Rafael', 15),
	(239, '2023-07-14 16:14:23.64637+00', 'Buenavista', 15),
	(240, '2023-07-14 16:14:23.64637+00', 'Cote', 15),
	(241, '2023-07-14 16:14:23.64637+00', 'Katira', 15),
	(242, '2023-07-14 16:14:23.64637+00', 'Río Cuarto', 16),
	(243, '2023-07-14 16:14:23.64637+00', 'Santa Rita', 16),
	(244, '2023-07-14 16:14:23.64637+00', 'Santa Isabel', 16),
	(245, '2023-07-14 16:14:23.64637+00', 'Occidental', 17),
	(246, '2023-07-14 16:14:23.64637+00', 'San Nicolás', 17),
	(247, '2023-07-14 16:14:23.64637+00', 'Aguacaliente (San Francisco)', 17),
	(248, '2023-07-14 16:14:23.64637+00', 'Guadalupe (Arenilla)', 17),
	(249, '2023-07-14 16:14:23.64637+00', 'Corralillo', 17),
	(250, '2023-07-14 16:14:23.64637+00', 'Tierra Blanca', 17),
	(251, '2023-07-14 16:14:23.64637+00', 'Dulce Nombre de Jesús', 17),
	(252, '2023-07-14 16:14:23.64637+00', 'Llano Grande', 17),
	(253, '2023-07-14 16:14:23.64637+00', 'Quebradilla', 17),
	(254, '2023-07-14 16:14:23.64637+00', 'Carmen', 17),
	(255, '2023-07-14 16:14:23.64637+00', 'Paraíso', 23),
	(256, '2023-07-14 16:14:23.64637+00', 'Santiago', 23),
	(257, '2023-07-14 16:14:23.64637+00', 'Orosi', 23),
	(258, '2023-07-14 16:14:23.64637+00', 'Cachí', 23),
	(259, '2023-07-14 16:14:23.64637+00', 'Llanos de Santa Lucía', 23),
	(260, '2023-07-14 16:14:23.64637+00', 'Birrisito', 23),
	(261, '2023-07-14 16:14:23.64637+00', 'Tres Ríos', 24),
	(262, '2023-07-14 16:14:23.64637+00', 'San Diego', 24),
	(263, '2023-07-14 16:14:23.64637+00', 'San Juan', 24),
	(264, '2023-07-14 16:14:23.64637+00', 'San Rafael', 24),
	(265, '2023-07-14 16:14:23.64637+00', 'Concepción', 24),
	(266, '2023-07-14 16:14:23.64637+00', 'Dulce Nombre', 24),
	(267, '2023-07-14 16:14:23.64637+00', 'San Ramón', 24),
	(268, '2023-07-14 16:14:23.64637+00', 'Río Azul', 24),
	(269, '2023-07-14 16:14:23.64637+00', 'Juan Viñas', 25),
	(270, '2023-07-14 16:14:23.64637+00', 'Tucurrique', 25),
	(271, '2023-07-14 16:14:23.64637+00', 'Pejibaye', 25),
	(272, '2023-07-14 16:14:23.64637+00', 'Turrialba', 26),
	(273, '2023-07-14 16:14:23.64637+00', 'La Suiza', 26),
	(274, '2023-07-14 16:14:23.64637+00', 'Peralta', 26),
	(275, '2023-07-14 16:14:23.64637+00', 'Santa Cruz', 26),
	(276, '2023-07-14 16:14:23.64637+00', 'Santa Teresita', 26),
	(277, '2023-07-14 16:14:23.64637+00', 'Pavones', 26),
	(278, '2023-07-14 16:14:23.64637+00', 'Tuis', 26),
	(279, '2023-07-14 16:14:23.64637+00', 'Tayutic', 26),
	(280, '2023-07-14 16:14:23.64637+00', 'Santa Rosa', 26),
	(281, '2023-07-14 16:14:23.64637+00', 'Tres Equis', 26),
	(282, '2023-07-14 16:14:23.64637+00', 'La Isabel', 26),
	(283, '2023-07-14 16:14:23.64637+00', 'Chirripó', 26),
	(284, '2023-07-14 16:14:23.64637+00', 'Pacayas', 27),
	(285, '2023-07-14 16:14:23.64637+00', 'Cervantes', 27),
	(286, '2023-07-14 16:14:23.64637+00', 'Capellades', 27),
	(287, '2023-07-14 16:14:23.64637+00', 'San Rafael', 28),
	(288, '2023-07-14 16:14:23.64637+00', 'Cot', 28),
	(289, '2023-07-14 16:14:23.64637+00', 'Potrero Cerrado', 28),
	(290, '2023-07-14 16:14:23.64637+00', 'Santa Rosa', 28),
	(291, '2023-07-14 16:14:23.64637+00', 'Cipreses', 28),
	(292, '2023-07-14 16:14:23.64637+00', 'El Tejar', 29),
	(293, '2023-07-14 16:14:23.64637+00', 'San Isidro', 29),
	(294, '2023-07-14 16:14:23.64637+00', 'Tobosi', 29),
	(295, '2023-07-14 16:14:23.64637+00', 'Patio de Agua', 29),
	(296, '2023-07-14 16:14:23.64637+00', 'Mercedes', 19),
	(297, '2023-07-14 16:14:23.64637+00', 'San Francisco', 19),
	(298, '2023-07-14 16:14:23.64637+00', 'Ulloa', 19),
	(299, '2023-07-14 16:14:23.64637+00', 'Vara Blanca', 19),
	(300, '2023-07-14 16:14:23.64637+00', 'Barva', 40),
	(301, '2023-07-14 16:14:23.64637+00', 'San Pedro', 40),
	(302, '2023-07-14 16:14:23.64637+00', 'San Pablo', 40),
	(303, '2023-07-14 16:14:23.64637+00', 'San Roque', 40),
	(304, '2023-07-14 16:14:23.64637+00', 'Santa Lucía', 40),
	(305, '2023-07-14 16:14:23.64637+00', 'San José de la Montaña', 40),
	(306, '2023-07-14 16:14:23.64637+00', 'Santo Domingo', 41),
	(307, '2023-07-14 16:14:23.64637+00', 'San Vicente', 41),
	(308, '2023-07-14 16:14:23.64637+00', 'San Miguel', 41),
	(309, '2023-07-14 16:14:23.64637+00', 'Paracito', 41),
	(310, '2023-07-14 16:14:23.64637+00', 'Santo Tomás', 41),
	(311, '2023-07-14 16:14:23.64637+00', 'Santa Rosa', 41),
	(312, '2023-07-14 16:14:23.64637+00', 'Tures', 41),
	(313, '2023-07-14 16:14:23.64637+00', 'Pará', 41),
	(314, '2023-07-14 16:14:23.64637+00', 'Santa Bárbara', 42),
	(315, '2023-07-14 16:14:23.64637+00', 'San Pedro', 42),
	(316, '2023-07-14 16:14:23.64637+00', 'San Juan', 42),
	(317, '2023-07-14 16:14:23.64637+00', 'Jesús', 42),
	(318, '2023-07-14 16:14:23.64637+00', 'Santo Domingo', 42),
	(319, '2023-07-14 16:14:23.64637+00', 'Purabá', 42),
	(320, '2023-07-14 16:14:23.64637+00', 'San Rafael', 43),
	(321, '2023-07-14 16:14:23.64637+00', 'San Josecito', 43),
	(322, '2023-07-14 16:14:23.64637+00', 'Santiago', 43),
	(323, '2023-07-14 16:14:23.64637+00', 'Ángeles', 43),
	(324, '2023-07-14 16:14:23.64637+00', 'Concepción', 43),
	(325, '2023-07-14 16:14:23.64637+00', 'San Isidro', 44),
	(326, '2023-07-14 16:14:23.64637+00', 'San José', 44),
	(327, '2023-07-14 16:14:23.64637+00', 'Concepción', 44),
	(328, '2023-07-14 16:14:23.64637+00', 'San Francisco', 44),
	(329, '2023-07-14 16:14:23.64637+00', 'San Antonio', 45),
	(330, '2023-07-14 16:14:23.64637+00', 'La Ribera', 45),
	(331, '2023-07-14 16:14:23.64637+00', 'La Asunción', 45),
	(332, '2023-07-14 16:14:23.64637+00', 'San Joaquín', 46),
	(333, '2023-07-14 16:14:23.64637+00', 'Llorente', 46),
	(334, '2023-07-14 16:14:23.64637+00', 'Barrantes', 46),
	(335, '2023-07-14 16:14:23.64637+00', 'San Pablo', 47),
	(336, '2023-07-14 16:14:23.64637+00', 'Rincón de Sabanilla', 47),
	(337, '2023-07-14 16:14:23.64637+00', 'Puerto Viejo', 48),
	(338, '2023-07-14 16:14:23.64637+00', 'La Virgen', 48),
	(339, '2023-07-14 16:14:23.64637+00', 'Las Horquetas', 48),
	(340, '2023-07-14 16:14:23.64637+00', 'Llanuras del Gaspar', 48),
	(341, '2023-07-14 16:14:23.64637+00', 'Cureña', 48),
	(342, '2023-07-14 16:14:23.64637+00', 'Cañas Dulces', 18),
	(343, '2023-07-14 16:14:23.64637+00', 'Mayorga', 18),
	(344, '2023-07-14 16:14:23.64637+00', 'Nacascolo', 18),
	(345, '2023-07-14 16:14:23.64637+00', 'Curubandé', 18),
	(346, '2023-07-14 16:14:23.64637+00', 'Nicoya', 30),
	(347, '2023-07-14 16:14:23.64637+00', 'Mansión', 30),
	(348, '2023-07-14 16:14:23.64637+00', 'San Antonio', 30),
	(349, '2023-07-14 16:14:23.64637+00', 'Quebrada Honda', 30),
	(350, '2023-07-14 16:14:23.64637+00', 'Sámara', 30),
	(351, '2023-07-14 16:14:23.64637+00', 'Nosara', 30),
	(352, '2023-07-14 16:14:23.64637+00', 'Belén de Nosarita', 30),
	(353, '2023-07-14 16:14:23.64637+00', 'Santa Cruz', 31),
	(354, '2023-07-14 16:14:23.64637+00', 'Bolsón', 31),
	(355, '2023-07-14 16:14:23.64637+00', 'Veintisiete de Abril', 31),
	(356, '2023-07-14 16:14:23.64637+00', 'Tempate', 31),
	(357, '2023-07-14 16:14:23.64637+00', 'Cartagena', 31),
	(358, '2023-07-14 16:14:23.64637+00', 'Cuajiniquil', 31),
	(359, '2023-07-14 16:14:23.64637+00', 'Diriá', 31),
	(360, '2023-07-14 16:14:23.64637+00', 'Cabo Velas', 31),
	(361, '2023-07-14 16:14:23.64637+00', 'Tamarindo', 31),
	(362, '2023-07-14 16:14:23.64637+00', 'Bagaces', 32),
	(363, '2023-07-14 16:14:23.64637+00', 'Río Naranjo', 32),
	(364, '2023-07-14 16:14:23.64637+00', 'La Fortuna', 32),
	(365, '2023-07-14 16:14:23.64637+00', 'Mogote', 32),
	(366, '2023-07-14 16:14:23.64637+00', 'Filadelfia', 33),
	(367, '2023-07-14 16:14:23.64637+00', 'Palmira', 33),
	(368, '2023-07-14 16:14:23.64637+00', 'Sardinal', 33),
	(369, '2023-07-14 16:14:23.64637+00', 'Belén', 33),
	(370, '2023-07-14 16:14:23.64637+00', 'Cañas', 34),
	(371, '2023-07-14 16:14:23.64637+00', 'Palmira', 34),
	(372, '2023-07-14 16:14:23.64637+00', 'San Miguel', 34),
	(373, '2023-07-14 16:14:23.64637+00', 'Bebedero', 34),
	(374, '2023-07-14 16:14:23.64637+00', 'Porozal', 34),
	(375, '2023-07-14 16:14:23.64637+00', 'Las Juntas', 35),
	(376, '2023-07-14 16:14:23.64637+00', 'Colorado', 35),
	(377, '2023-07-14 16:14:23.64637+00', 'Sierra', 35),
	(378, '2023-07-14 16:14:23.64637+00', 'San Juan', 35),
	(379, '2023-07-14 16:14:23.64637+00', 'Tilarán', 36),
	(380, '2023-07-14 16:14:23.64637+00', 'Quebrada Grande', 36),
	(381, '2023-07-14 16:14:23.64637+00', 'Tronadora', 36),
	(382, '2023-07-14 16:14:23.64637+00', 'Santa Rosa', 36),
	(383, '2023-07-14 16:14:23.64637+00', 'Líbano', 36),
	(384, '2023-07-14 16:14:23.64637+00', 'Tierras Morenas', 36),
	(385, '2023-07-14 16:14:23.64637+00', 'Cabeceras', 36),
	(386, '2023-07-14 16:14:23.64637+00', 'Arenal', 36),
	(387, '2023-07-14 16:14:23.64637+00', 'Carmona', 37),
	(388, '2023-07-14 16:14:23.64637+00', 'Santa Rita', 37),
	(389, '2023-07-14 16:14:23.64637+00', 'Zapotal', 37),
	(390, '2023-07-14 16:14:23.64637+00', 'San Pablo', 37),
	(391, '2023-07-14 16:14:23.64637+00', 'Porvenir', 37),
	(392, '2023-07-14 16:14:23.64637+00', 'Bejuco', 37),
	(393, '2023-07-14 16:14:23.64637+00', 'La Curz', 38),
	(394, '2023-07-14 16:14:23.64637+00', 'Santa Cecilia', 38),
	(395, '2023-07-14 16:14:23.64637+00', 'La Garita', 38),
	(396, '2023-07-14 16:14:23.64637+00', 'Santa Elena', 38),
	(397, '2023-07-14 16:14:23.64637+00', 'Hojancha', 39),
	(398, '2023-07-14 16:14:23.64637+00', 'Monte Romo', 39),
	(399, '2023-07-14 16:14:23.64637+00', 'Puerto Carrillo', 39),
	(400, '2023-07-14 16:14:23.64637+00', 'Huacas', 39),
	(401, '2023-07-14 16:14:23.64637+00', 'Matambú', 39),
	(402, '2023-07-14 16:14:23.64637+00', 'Puntarenas', 54),
	(403, '2023-07-14 16:14:23.64637+00', 'Pitahaya', 54),
	(404, '2023-07-14 16:14:23.64637+00', 'Chomes', 54),
	(405, '2023-07-14 16:14:23.64637+00', 'Lepanto', 54),
	(406, '2023-07-14 16:14:23.64637+00', 'Paquera', 54),
	(407, '2023-07-14 16:14:23.64637+00', 'Manzanillo', 54),
	(408, '2023-07-14 16:14:23.64637+00', 'Guacimal', 54),
	(409, '2023-07-14 16:14:23.64637+00', 'Barranca', 54),
	(410, '2023-07-14 16:14:23.64637+00', 'Isla del Coco', 54),
	(411, '2023-07-14 16:14:23.64637+00', 'Cóbano', 54),
	(412, '2023-07-14 16:14:23.64637+00', 'Chacarita', 54),
	(413, '2023-07-14 16:14:23.64637+00', 'Chira', 54),
	(414, '2023-07-14 16:14:23.64637+00', 'Acapulco', 54),
	(415, '2023-07-14 16:14:23.64637+00', 'El Roble', 54),
	(416, '2023-07-14 16:14:23.64637+00', 'Arancibia', 54),
	(417, '2023-07-14 16:14:23.64637+00', 'Espíritu Santo', 55),
	(418, '2023-07-14 16:14:23.64637+00', 'San Juan Grande', 55),
	(419, '2023-07-14 16:14:23.64637+00', 'Macacona', 55),
	(420, '2023-07-14 16:14:23.64637+00', 'San Rafael', 55),
	(421, '2023-07-14 16:14:23.64637+00', 'San Jerónimo', 55),
	(422, '2023-07-14 16:14:23.64637+00', 'Caldera', 55),
	(423, '2023-07-14 16:14:23.64637+00', 'Volcán', 21),
	(424, '2023-07-14 16:14:23.64637+00', 'Potrero Grande', 21),
	(425, '2023-07-14 16:14:23.64637+00', 'Boruca', 21),
	(426, '2023-07-14 16:14:23.64637+00', 'Pilas', 21),
	(427, '2023-07-14 16:14:23.64637+00', 'Colinas', 21),
	(428, '2023-07-14 16:14:23.64637+00', 'Chánguena', 21),
	(429, '2023-07-14 16:14:23.64637+00', 'Biolley', 21),
	(430, '2023-07-14 16:14:23.64637+00', 'Brunka', 21),
	(431, '2023-07-14 16:14:23.64637+00', 'La Unión', 56),
	(432, '2023-07-14 16:14:23.64637+00', 'Miramar', 56),
	(433, '2023-07-14 16:14:23.64637+00', 'San Isidro', 56),
	(434, '2023-07-14 16:14:23.64637+00', 'Puerto Cortés', 57),
	(435, '2023-07-14 16:14:23.64637+00', 'Palmar', 57),
	(436, '2023-07-14 16:14:23.64637+00', 'Sierpe', 57),
	(437, '2023-07-14 16:14:23.64637+00', 'Bahía Ballena', 57),
	(438, '2023-07-14 16:14:23.64637+00', 'Piedras Blancas', 57),
	(439, '2023-07-14 16:14:23.64637+00', 'Bahía Drake', 57),
	(440, '2023-07-14 16:14:23.64637+00', 'Quepos', 65),
	(441, '2023-07-14 16:14:23.64637+00', 'Savegre', 65),
	(442, '2023-07-14 16:14:23.64637+00', 'Naranjito', 65),
	(444, '2023-07-14 16:14:23.64637+00', 'Guaycará', 59),
	(445, '2023-07-14 16:14:23.64637+00', 'Pavón', 59),
	(446, '2023-07-14 16:14:23.64637+00', 'Golfito', 59),
	(447, '2023-07-14 16:14:23.64637+00', 'San Vito', 60),
	(448, '2023-07-14 16:14:23.64637+00', 'Sabalito', 60),
	(449, '2023-07-14 16:14:23.64637+00', 'Aguabuena', 60),
	(450, '2023-07-14 16:14:23.64637+00', 'Limoncito', 60),
	(451, '2023-07-14 16:14:23.64637+00', 'Pittier', 60),
	(452, '2023-07-14 16:14:23.64637+00', 'Gutiérrez Braun', 60),
	(453, '2023-07-14 16:14:23.64637+00', 'Parrita', 61),
	(454, '2023-07-14 16:14:23.64637+00', 'Corredor', 62),
	(455, '2023-07-14 16:14:23.64637+00', 'Canoas', 62),
	(456, '2023-07-14 16:14:23.64637+00', 'La Cuesta', 62),
	(457, '2023-07-14 16:14:23.64637+00', 'Laurel', 62),
	(458, '2023-07-14 16:14:23.64637+00', 'Jacó', 63),
	(459, '2023-07-14 16:14:23.64637+00', 'Tárcoles', 63),
	(460, '2023-07-14 16:14:23.64637+00', 'Lagunillas', 63),
	(461, '2023-07-14 16:14:23.64637+00', 'Monteverde', 58),
	(462, '2023-07-14 16:14:23.64637+00', 'Valle la Estrella', 20),
	(463, '2023-07-14 16:14:23.64637+00', 'Río Blanco', 20),
	(464, '2023-07-14 16:14:23.64637+00', 'Matama', 20),
	(465, '2023-07-14 16:14:23.64637+00', 'Guápiles', 49),
	(466, '2023-07-14 16:14:23.64637+00', 'Jiménez', 49),
	(467, '2023-07-14 16:14:23.64637+00', 'Rita', 49),
	(468, '2023-07-14 16:14:23.64637+00', 'Roxana', 49),
	(469, '2023-07-14 16:14:23.64637+00', 'Cariari', 49),
	(470, '2023-07-14 16:14:23.64637+00', 'Colorado', 49),
	(471, '2023-07-14 16:14:23.64637+00', 'La Colonia', 49),
	(472, '2023-07-14 16:14:23.64637+00', 'Siquirres', 50),
	(473, '2023-07-14 16:14:23.64637+00', 'Pacuarito', 50),
	(474, '2023-07-14 16:14:23.64637+00', 'Florida', 50),
	(475, '2023-07-14 16:14:23.64637+00', 'Germania', 50),
	(476, '2023-07-14 16:14:23.64637+00', 'El Cairo', 50),
	(477, '2023-07-14 16:14:23.64637+00', 'Alegría', 50),
	(478, '2023-07-14 16:14:23.64637+00', 'Reventazón', 50),
	(479, '2023-07-14 16:14:23.64637+00', 'Bratsi', 51),
	(480, '2023-07-14 16:14:23.64637+00', 'Sixaola', 51),
	(481, '2023-07-14 16:14:23.64637+00', 'Cahuita', 51),
	(482, '2023-07-14 16:14:23.64637+00', 'Telire', 51),
	(483, '2023-07-14 16:14:23.64637+00', 'Matina', 52),
	(484, '2023-07-14 16:14:23.64637+00', 'Batán', 52),
	(485, '2023-07-14 16:14:23.64637+00', 'Carrandí', 52),
	(486, '2023-07-14 16:14:23.64637+00', 'Guácimo', 53),
	(487, '2023-07-14 16:14:23.64637+00', 'Pocora', 53),
	(488, '2023-07-14 16:14:23.64637+00', 'Mercedes', 53),
	(443, '2023-07-14 16:14:23.64637+00', 'Puerto Jiménez', 64),
	(489, '2023-07-16 12:54:51.363289+00', 'La Victoria', 25),
	(490, '2023-07-16 12:54:51.363289+00', 'Puente Salas ', 40),
	(491, '2023-07-16 12:54:51.363289+00', 'Río Jiménez', 53);

--
-- Data for Name: language; Type: TABLE DATA; Schema: public; Owner: postgres
--

INSERT INTO "public"."language" ("id", "language") VALUES
	(1, 'English (American)');


--
-- Data for Name: post_category; Type: TABLE DATA; Schema: public; Owner: postgres
--

INSERT INTO "public"."post_category" ("id", "category", "language") VALUES
	(1, 'Gardening', 1),
	(3, 'Construction', 1),
	(2, 'Beauty', 1),
	(5, 'Automotive', 1),
	(4, 'Computer', 1),
	(6, 'Creative', 1),
	(7, 'Financial', 1),
	(8, 'Cleaning', 1),
	(9, 'Pet', 1),
	(10, 'Legal', 1),
	(11, 'Health', 1),
	(12, 'Labor', 1),
	(13, 'Travel', 1);



--
-- Data for Name: location; Type: TABLE DATA; Schema: public; Owner: postgres
--

INSERT INTO "public"."location" ("id", "created_at", "street_number", "street_number_suffix", "street_name", "street_type", "street_direction", "address_type", "address_type_identifier", "minor_municipality", "major_municipality", "governing_district", "postal_area", "country", "user_id") VALUES
	(12, '2023-07-11 20:50:35.439848+00', NULL, NULL, NULL, NULL, NULL, NULL, NULL, 1, 1, 7, NULL, 1, 'b8a30290-79ac-49bb-9a76-223532e62ae4'),
	(13, '2023-07-11 20:55:32.399401+00', NULL, NULL, NULL, NULL, NULL, NULL, NULL, 1, 1, 7, NULL, 1, 'b8a30290-79ac-49bb-9a76-223532e62ae4'),
	(14, '2023-07-11 20:56:27.723737+00', NULL, NULL, NULL, NULL, NULL, NULL, NULL, 1, 1, 7, NULL, 1, 'b8a30290-79ac-49bb-9a76-223532e62ae4'),
	(15, '2023-07-11 20:57:22.373723+00', NULL, NULL, NULL, NULL, NULL, NULL, NULL, 1, 1, 7, NULL, 1, 'b8a30290-79ac-49bb-9a76-223532e62ae4'),
	(16, '2023-07-12 16:19:09.32764+00', NULL, NULL, NULL, NULL, NULL, NULL, NULL, 1, 1, 7, NULL, 1, 'b8a30290-79ac-49bb-9a76-223532e62ae4'),
	(17, '2023-07-12 16:28:22.415122+00', NULL, NULL, NULL, NULL, NULL, NULL, NULL, 1, 1, 7, NULL, 1, 'b8a30290-79ac-49bb-9a76-223532e62ae4'),
	(18, '2023-07-12 16:29:21.974469+00', NULL, NULL, NULL, NULL, NULL, NULL, NULL, 1, 1, 7, NULL, 1, 'b8a30290-79ac-49bb-9a76-223532e62ae4'),
	(19, '2023-07-12 21:30:01.378542+00', NULL, NULL, NULL, NULL, NULL, NULL, NULL, 1, 1, 7, NULL, 1, 'b8a30290-79ac-49bb-9a76-223532e62ae4'),
	(20, '2023-07-12 21:31:38.751663+00', NULL, NULL, NULL, NULL, NULL, NULL, NULL, 1, 1, 7, NULL, 1, 'b8a30290-79ac-49bb-9a76-223532e62ae4'),
	(21, '2023-07-12 21:33:39.835839+00', NULL, NULL, NULL, NULL, NULL, NULL, NULL, 1, 1, 7, NULL, 1, 'b8a30290-79ac-49bb-9a76-223532e62ae4'),
	(22, '2023-07-12 21:34:05.221284+00', NULL, NULL, NULL, NULL, NULL, NULL, NULL, 1, 1, 7, NULL, 1, 'b8a30290-79ac-49bb-9a76-223532e62ae4'),
	(23, '2023-07-12 21:35:05.008577+00', NULL, NULL, NULL, NULL, NULL, NULL, NULL, 1, 1, 7, NULL, 1, 'b8a30290-79ac-49bb-9a76-223532e62ae4'),
	(24, '2023-07-19 16:51:29.816714+00', NULL, NULL, NULL, NULL, NULL, NULL, NULL, 17, 2, 6, NULL, 1, 'b8a30290-79ac-49bb-9a76-223532e62ae4'),
	(25, '2023-07-24 18:15:00.637219+00', NULL, NULL, NULL, NULL, NULL, NULL, NULL, 44, 4, 327, NULL, 1, '0517efc0-1beb-4239-a522-748616a0d83f'),
	(26, '2023-07-24 18:50:56.299522+00', NULL, NULL, NULL, NULL, NULL, NULL, NULL, 33, 3, 369, NULL, 1, 'b8a30290-79ac-49bb-9a76-223532e62ae4'),
	(27, '2023-07-24 19:09:04.318236+00', NULL, NULL, NULL, NULL, NULL, NULL, NULL, 31, 3, 355, NULL, 1, '0517efc0-1beb-4239-a522-748616a0d83f'),
	(28, '2023-07-24 19:17:31.566384+00', NULL, NULL, NULL, NULL, NULL, NULL, NULL, 31, 3, 355, NULL, 1, '0517efc0-1beb-4239-a522-748616a0d83f'),
	(29, '2023-07-24 19:19:39.468234+00', NULL, NULL, NULL, NULL, NULL, NULL, NULL, 33, 3, 369, NULL, 1, 'b8a30290-79ac-49bb-9a76-223532e62ae4'),
	(30, '2023-07-24 19:20:32.228608+00', NULL, NULL, NULL, NULL, NULL, NULL, NULL, 33, 3, 369, NULL, 1, 'b8a30290-79ac-49bb-9a76-223532e62ae4'),
	(31, '2023-07-24 19:21:41.429521+00', NULL, NULL, NULL, NULL, NULL, NULL, NULL, 70, 7, 51, NULL, 1, '0517efc0-1beb-4239-a522-748616a0d83f'),
	(32, '2023-07-24 19:24:17.894794+00', NULL, NULL, NULL, NULL, NULL, NULL, NULL, 70, 7, 51, NULL, 1, '0517efc0-1beb-4239-a522-748616a0d83f'),
	(33, '2023-07-24 19:25:27.84497+00', NULL, NULL, NULL, NULL, NULL, NULL, NULL, 42, 4, 318, NULL, 1, 'b8a30290-79ac-49bb-9a76-223532e62ae4'),
	(34, '2023-07-24 19:28:57.411424+00', NULL, NULL, NULL, NULL, NULL, NULL, NULL, 23, 2, 257, NULL, 1, '0517efc0-1beb-4239-a522-748616a0d83f'),
	(35, '2023-07-24 19:31:36.601039+00', NULL, NULL, NULL, NULL, NULL, NULL, NULL, 33, 3, 369, NULL, 1, 'b8a30290-79ac-49bb-9a76-223532e62ae4'),
	(36, '2023-07-24 20:33:23.381931+00', NULL, NULL, NULL, NULL, NULL, NULL, NULL, 33, 3, 369, NULL, 1, 'b8a30290-79ac-49bb-9a76-223532e62ae4'),
	(37, '2023-07-25 15:39:44.410085+00', NULL, NULL, NULL, NULL, NULL, NULL, NULL, 2, 1, 145, NULL, 1, '0517efc0-1beb-4239-a522-748616a0d83f'),
	(38, '2023-07-25 17:27:21.048597+00', NULL, NULL, NULL, NULL, NULL, NULL, NULL, 34, 3, 372, NULL, 1, '0517efc0-1beb-4239-a522-748616a0d83f'),
	(39, '2023-07-25 19:12:43.118707+00', NULL, NULL, NULL, NULL, NULL, NULL, NULL, 24, 2, 262, NULL, 1, '0517efc0-1beb-4239-a522-748616a0d83f'),
	(40, '2023-07-25 19:15:21.674419+00', NULL, NULL, NULL, NULL, NULL, NULL, NULL, 26, 2, 277, NULL, 1, '0517efc0-1beb-4239-a522-748616a0d83f'),
	(46, '2023-07-26 14:18:06.56413+00', NULL, NULL, NULL, NULL, NULL, NULL, NULL, 3, 1, 157, NULL, 1, 'b8a30290-79ac-49bb-9a76-223532e62ae4'),
	(47, '2023-07-26 18:17:20.308567+00', NULL, NULL, NULL, NULL, NULL, NULL, NULL, 1, 1, 134, NULL, 1, 'b8a30290-79ac-49bb-9a76-223532e62ae4'),
	(48, '2023-07-26 20:14:31.330178+00', NULL, NULL, NULL, NULL, NULL, NULL, NULL, 23, 2, 257, NULL, 1, 'b8a30290-79ac-49bb-9a76-223532e62ae4'),
	(49, '2023-07-26 20:17:50.320457+00', NULL, NULL, NULL, NULL, NULL, NULL, NULL, 23, 2, 257, NULL, 1, 'b8a30290-79ac-49bb-9a76-223532e62ae4'),
	(50, '2023-07-26 20:25:44.189127+00', NULL, NULL, NULL, NULL, NULL, NULL, NULL, 1, 1, 131, NULL, 1, 'b8a30290-79ac-49bb-9a76-223532e62ae4'),
	(51, '2023-07-26 20:30:01.407919+00', NULL, NULL, NULL, NULL, NULL, NULL, NULL, 50, 5, 475, NULL, 1, 'b8a30290-79ac-49bb-9a76-223532e62ae4'),
	(52, '2023-07-26 20:31:52.226006+00', NULL, NULL, NULL, NULL, NULL, NULL, NULL, 50, 5, 476, NULL, 1, 'b8a30290-79ac-49bb-9a76-223532e62ae4'),
	(53, '2023-07-26 21:13:20.740363+00', NULL, NULL, NULL, NULL, NULL, NULL, NULL, 28, 2, 290, NULL, 1, '0517efc0-1beb-4239-a522-748616a0d83f'),
	(54, '2023-07-26 21:15:02.301489+00', NULL, NULL, NULL, NULL, NULL, NULL, NULL, 14, 1, 236, NULL, 1, '0517efc0-1beb-4239-a522-748616a0d83f'),
	(55, '2023-07-28 13:55:57.611039+00', NULL, NULL, NULL, NULL, NULL, NULL, NULL, 41, 4, 308, NULL, 1, '0517efc0-1beb-4239-a522-748616a0d83f'),
	(56, '2023-07-28 13:55:58.193082+00', NULL, NULL, NULL, NULL, NULL, NULL, NULL, 41, 4, 308, NULL, 1, '0517efc0-1beb-4239-a522-748616a0d83f'),
	(57, '2023-08-01 15:11:20.212219+00', NULL, NULL, NULL, NULL, NULL, NULL, NULL, 30, 3, 347, NULL, 1, 'b8a30290-79ac-49bb-9a76-223532e62ae4'),
	(58, '2023-08-01 15:13:15.684953+00', NULL, NULL, NULL, NULL, NULL, NULL, NULL, 25, 2, 271, NULL, 1, 'b8a30290-79ac-49bb-9a76-223532e62ae4'),
	(59, '2023-08-01 15:16:14.05222+00', NULL, NULL, NULL, NULL, NULL, NULL, NULL, 24, 2, 264, NULL, 1, '0517efc0-1beb-4239-a522-748616a0d83f'),
	(60, '2023-08-01 15:17:15.400198+00', NULL, NULL, NULL, NULL, NULL, NULL, NULL, 24, 2, 264, NULL, 1, '0517efc0-1beb-4239-a522-748616a0d83f'),
	(61, '2023-08-01 15:48:07.93579+00', NULL, NULL, NULL, NULL, NULL, NULL, NULL, 52, 5, 485, NULL, 1, '0517efc0-1beb-4239-a522-748616a0d83f'),
	(62, '2023-08-01 16:11:32.516164+00', NULL, NULL, NULL, NULL, NULL, NULL, NULL, 30, 3, 348, NULL, 1, 'b8a30290-79ac-49bb-9a76-223532e62ae4'),
	(63, '2023-08-03 19:05:46.785205+00', NULL, NULL, NULL, NULL, NULL, NULL, NULL, 23, 2, 256, NULL, 1, 'b8a30290-79ac-49bb-9a76-223532e62ae4'),
	(64, '2023-08-04 19:58:25.912854+00', NULL, NULL, NULL, NULL, NULL, NULL, NULL, 41, 4, 307, NULL, 1, 'b8a30290-79ac-49bb-9a76-223532e62ae4'),
	(65, '2023-08-04 20:01:43.410443+00', NULL, NULL, NULL, NULL, NULL, NULL, NULL, 50, 5, 475, NULL, 1, 'b8a30290-79ac-49bb-9a76-223532e62ae4'),
	(66, '2023-08-04 20:06:42.908434+00', NULL, NULL, NULL, NULL, NULL, NULL, NULL, 41, 4, 312, NULL, 1, 'b8a30290-79ac-49bb-9a76-223532e62ae4'),
	(67, '2023-08-04 21:24:59.033749+00', NULL, NULL, NULL, NULL, NULL, NULL, NULL, 36, 3, 383, NULL, 1, 'b8a30290-79ac-49bb-9a76-223532e62ae4'),
	(68, '2023-08-04 21:30:58.399376+00', NULL, NULL, NULL, NULL, NULL, NULL, NULL, 69, 7, 45, NULL, 1, 'b8a30290-79ac-49bb-9a76-223532e62ae4'),
	(69, '2023-08-07 15:45:05.845323+00', NULL, NULL, NULL, NULL, NULL, NULL, NULL, 31, 3, 354, NULL, 1, 'b8a30290-79ac-49bb-9a76-223532e62ae4'),
	(70, '2023-08-07 19:42:30.77584+00', NULL, NULL, NULL, NULL, NULL, NULL, NULL, 23, 2, 256, NULL, 1, '0777ad07-bddb-4251-b51b-4e9408eaa8cc'),
	(71, '2023-08-07 19:44:30.429346+00', NULL, NULL, NULL, NULL, NULL, NULL, NULL, 2, 1, 146, NULL, 1, '0777ad07-bddb-4251-b51b-4e9408eaa8cc'),
	(72, '2023-08-07 20:38:29.001155+00', NULL, NULL, NULL, NULL, NULL, NULL, NULL, 2, 1, 144, NULL, 1, '0777ad07-bddb-4251-b51b-4e9408eaa8cc'),
	(73, '2023-08-07 20:47:35.153916+00', NULL, NULL, NULL, NULL, NULL, NULL, NULL, 25, 2, 270, NULL, 1, '0777ad07-bddb-4251-b51b-4e9408eaa8cc'),
	(74, '2023-08-07 21:07:25.719576+00', NULL, NULL, NULL, NULL, NULL, NULL, NULL, 31, 3, 354, NULL, 1, '0777ad07-bddb-4251-b51b-4e9408eaa8cc'),
	(75, '2023-08-09 18:19:43.13334+00', NULL, NULL, NULL, NULL, NULL, NULL, NULL, 1, 1, 7, NULL, 1, '5f41591b-0850-47b7-b6a4-08251ba79b66'),
	(76, '2023-08-09 18:26:20.217998+00', NULL, NULL, NULL, NULL, NULL, NULL, NULL, 1, 1, 7, NULL, 1, '5f41591b-0850-47b7-b6a4-08251ba79b66'),
	(77, '2023-08-10 12:12:02.490831+00', NULL, NULL, NULL, NULL, NULL, NULL, NULL, 52, 5, 485, NULL, 1, '0777ad07-bddb-4251-b51b-4e9408eaa8cc'),
	(78, '2023-08-10 19:02:29.645823+00', NULL, NULL, NULL, NULL, NULL, NULL, NULL, 44, 4, 326, NULL, 1, 'af1e7269-288a-4ec5-8a86-307fefc7a03f'),
	(79, '2023-08-10 19:27:32.618607+00', NULL, NULL, NULL, NULL, NULL, NULL, NULL, 31, 3, 356, NULL, 1, '0517efc0-1beb-4239-a522-748616a0d83f'),
	(80, '2023-08-10 20:59:31.745731+00', NULL, NULL, NULL, NULL, NULL, NULL, NULL, 31, 3, 354, NULL, 1, '0777ad07-bddb-4251-b51b-4e9408eaa8cc'),
	(81, '2023-08-10 21:07:09.504031+00', NULL, NULL, NULL, NULL, NULL, NULL, NULL, 31, 3, 354, NULL, 1, '0777ad07-bddb-4251-b51b-4e9408eaa8cc'),
	(82, '2023-08-11 17:43:51.199888+00', NULL, NULL, NULL, NULL, NULL, NULL, NULL, 19, 4, 299, NULL, 1, '72ddf579-0400-407f-9a7b-903e7d3c6afa'),
	(83, '2023-08-11 17:46:01.944673+00', NULL, NULL, NULL, NULL, NULL, NULL, NULL, 19, 4, 299, NULL, 1, '72ddf579-0400-407f-9a7b-903e7d3c6afa'),
	(84, '2023-08-15 19:08:56.889126+00', NULL, NULL, NULL, NULL, NULL, NULL, NULL, 24, 2, 262, NULL, 1, '0517efc0-1beb-4239-a522-748616a0d83f'),
	(85, '2023-08-15 19:14:24.091556+00', NULL, NULL, NULL, NULL, NULL, NULL, NULL, 51, 5, 480, NULL, 1, '0517efc0-1beb-4239-a522-748616a0d83f'),
	(86, '2023-08-15 19:34:22.510024+00', NULL, NULL, NULL, NULL, NULL, NULL, NULL, 36, 3, 382, NULL, 1, '0517efc0-1beb-4239-a522-748616a0d83f'),
	(87, '2023-08-15 19:34:41.372925+00', NULL, NULL, NULL, NULL, NULL, NULL, NULL, 44, 4, 327, NULL, 1, '0517efc0-1beb-4239-a522-748616a0d83f'),
	(88, '2023-08-15 19:36:13.420366+00', NULL, NULL, NULL, NULL, NULL, NULL, NULL, 59, 6, 445, NULL, 1, '0517efc0-1beb-4239-a522-748616a0d83f'),
	(89, '2023-08-15 19:37:51.180305+00', NULL, NULL, NULL, NULL, NULL, NULL, NULL, 59, 6, 445, NULL, 1, '0517efc0-1beb-4239-a522-748616a0d83f'),
	(90, '2023-08-15 19:43:20.332108+00', NULL, NULL, NULL, NULL, NULL, NULL, NULL, 51, 5, 480, NULL, 1, '0517efc0-1beb-4239-a522-748616a0d83f'),
	(91, '2023-08-15 22:06:00.205424+00', NULL, NULL, NULL, NULL, NULL, NULL, NULL, 33, 3, 367, NULL, 1, 'b8a30290-79ac-49bb-9a76-223532e62ae4'),
	(92, '2023-08-15 22:14:37.104494+00', NULL, NULL, NULL, NULL, NULL, NULL, NULL, 34, 3, 372, NULL, 1, 'b8a30290-79ac-49bb-9a76-223532e62ae4'),
	(94, '2023-08-15 22:21:28.539004+00', NULL, NULL, NULL, NULL, NULL, NULL, NULL, 50, 5, 474, NULL, 1, 'b8a30290-79ac-49bb-9a76-223532e62ae4'),
	(95, '2023-08-15 22:25:03.800438+00', NULL, NULL, NULL, NULL, NULL, NULL, NULL, 51, 5, 480, NULL, 1, 'b8a30290-79ac-49bb-9a76-223532e62ae4'),
	(93, '2023-08-15 22:16:32.241704+00', NULL, NULL, NULL, NULL, NULL, NULL, NULL, 41, 4, 309, NULL, 1, 'b8a30290-79ac-49bb-9a76-223532e62ae4'),
	(96, '2023-08-15 22:34:01.835393+00', NULL, NULL, NULL, NULL, NULL, NULL, NULL, 33, 3, 369, NULL, 1, 'b8a30290-79ac-49bb-9a76-223532e62ae4'),
	(97, '2023-08-15 22:41:41.899743+00', NULL, NULL, NULL, NULL, NULL, NULL, NULL, 34, 3, 373, NULL, 1, 'b8a30290-79ac-49bb-9a76-223532e62ae4'),
	(98, '2023-08-15 22:54:39.341046+00', NULL, NULL, NULL, NULL, NULL, NULL, NULL, 35, 3, 377, NULL, 1, 'b8a30290-79ac-49bb-9a76-223532e62ae4'),
	(99, '2023-08-15 23:19:01.98396+00', NULL, NULL, NULL, NULL, NULL, NULL, NULL, 42, 4, 317, NULL, 1, 'b8a30290-79ac-49bb-9a76-223532e62ae4'),
	(100, '2023-08-15 23:22:38.910974+00', NULL, NULL, NULL, NULL, NULL, NULL, NULL, 23, 2, 256, NULL, 1, 'b8a30290-79ac-49bb-9a76-223532e62ae4'),
	(101, '2023-08-16 00:52:12.700134+00', NULL, NULL, NULL, NULL, NULL, NULL, NULL, 42, 4, 316, NULL, 1, 'b8a30290-79ac-49bb-9a76-223532e62ae4'),
	(102, '2023-08-16 03:42:29.376753+00', NULL, NULL, NULL, NULL, NULL, NULL, NULL, 23, 2, 256, NULL, 1, '0517efc0-1beb-4239-a522-748616a0d83f'),
	(103, '2023-08-16 03:45:50.484677+00', NULL, NULL, NULL, NULL, NULL, NULL, NULL, 24, 2, 263, NULL, 1, '0517efc0-1beb-4239-a522-748616a0d83f'),
	(104, '2023-08-16 03:57:43.695015+00', NULL, NULL, NULL, NULL, NULL, NULL, NULL, 24, 2, 264, NULL, 1, '0517efc0-1beb-4239-a522-748616a0d83f'),
	(105, '2023-08-16 03:59:25.156781+00', NULL, NULL, NULL, NULL, NULL, NULL, NULL, 31, 3, 354, NULL, 1, '0517efc0-1beb-4239-a522-748616a0d83f'),
	(106, '2023-08-16 04:05:49.781372+00', NULL, NULL, NULL, NULL, NULL, NULL, NULL, 31, 3, 355, NULL, 1, '0517efc0-1beb-4239-a522-748616a0d83f'),
	(107, '2023-08-16 04:08:55.727636+00', NULL, NULL, NULL, NULL, NULL, NULL, NULL, 33, 3, 369, NULL, 1, '0517efc0-1beb-4239-a522-748616a0d83f'),
	(108, '2023-08-16 04:11:49.984689+00', NULL, NULL, NULL, NULL, NULL, NULL, NULL, 30, 3, 351, NULL, 1, '0517efc0-1beb-4239-a522-748616a0d83f'),
	(109, '2023-08-16 10:29:26.400239+00', NULL, NULL, NULL, NULL, NULL, NULL, NULL, 27, 2, 285, NULL, 1, 'b8a30290-79ac-49bb-9a76-223532e62ae4'),
	(110, '2023-08-16 10:50:06.7555+00', NULL, NULL, NULL, NULL, NULL, NULL, NULL, 42, 4, 316, NULL, 1, 'b8a30290-79ac-49bb-9a76-223532e62ae4'),
	(111, '2023-08-16 10:52:36.667627+00', NULL, NULL, NULL, NULL, NULL, NULL, NULL, 43, 4, 322, NULL, 1, 'b8a30290-79ac-49bb-9a76-223532e62ae4'),
	(112, '2023-08-16 10:53:57.374268+00', NULL, NULL, NULL, NULL, NULL, NULL, NULL, 31, 3, 356, NULL, 1, 'b8a30290-79ac-49bb-9a76-223532e62ae4'),
	(113, '2023-08-16 11:00:59.263259+00', NULL, NULL, NULL, NULL, NULL, NULL, NULL, 52, 5, 485, NULL, 1, 'b8a30290-79ac-49bb-9a76-223532e62ae4'),
	(114, '2023-08-24 15:27:40.545468+00', NULL, NULL, NULL, NULL, NULL, NULL, NULL, 23, 2, 256, NULL, 1, '9ff9251c-1c89-41a9-b6ef-da3b8bd9adab'),
	(115, '2023-08-24 15:37:46.300011+00', NULL, NULL, NULL, NULL, NULL, NULL, NULL, 24, 2, 264, NULL, 1, '9ff9251c-1c89-41a9-b6ef-da3b8bd9adab'),
	(116, '2023-08-24 15:44:32.433304+00', NULL, NULL, NULL, NULL, NULL, NULL, NULL, 24, 2, 262, NULL, 1, '9ff9251c-1c89-41a9-b6ef-da3b8bd9adab'),
	(117, '2023-08-25 18:49:47.46576+00', NULL, NULL, NULL, NULL, NULL, NULL, NULL, 11, 1, 219, NULL, 1, '5f41591b-0850-47b7-b6a4-08251ba79b66'),
	(118, '2023-08-28 01:00:29.279696+00', NULL, NULL, NULL, NULL, NULL, NULL, NULL, 40, 4, 301, NULL, 1, '0777ad07-bddb-4251-b51b-4e9408eaa8cc'),
	(119, '2023-08-28 12:56:26.138466+00', NULL, NULL, NULL, NULL, NULL, NULL, NULL, 47, 4, 336, NULL, 1, '0777ad07-bddb-4251-b51b-4e9408eaa8cc'),
	(120, '2023-08-28 13:12:04.838281+00', NULL, NULL, NULL, NULL, NULL, NULL, NULL, 52, 5, 485, NULL, 1, '0777ad07-bddb-4251-b51b-4e9408eaa8cc'),
	(121, '2023-08-28 14:50:23.510283+00', NULL, NULL, NULL, NULL, NULL, NULL, NULL, 44, 4, 328, NULL, 1, '0777ad07-bddb-4251-b51b-4e9408eaa8cc'),
	(122, '2023-08-28 16:27:40.719051+00', NULL, NULL, NULL, NULL, NULL, NULL, NULL, 52, 5, 483, NULL, 1, '0777ad07-bddb-4251-b51b-4e9408eaa8cc'),
	(123, '2023-08-28 16:44:26.200255+00', NULL, NULL, NULL, NULL, NULL, NULL, NULL, 38, 3, 396, NULL, 1, '0777ad07-bddb-4251-b51b-4e9408eaa8cc'),
	(124, '2023-08-28 17:15:54.62009+00', NULL, NULL, NULL, NULL, NULL, NULL, NULL, 34, 3, 373, NULL, 1, '0777ad07-bddb-4251-b51b-4e9408eaa8cc'),
	(125, '2023-08-28 17:27:00.959855+00', NULL, NULL, NULL, NULL, NULL, NULL, NULL, 51, 5, 482, NULL, 1, '0777ad07-bddb-4251-b51b-4e9408eaa8cc'),
	(126, '2023-08-28 17:32:53.883224+00', NULL, NULL, NULL, NULL, NULL, NULL, NULL, 42, 4, 317, NULL, 1, '0777ad07-bddb-4251-b51b-4e9408eaa8cc'),
	(127, '2023-08-28 17:40:14.994045+00', NULL, NULL, NULL, NULL, NULL, NULL, NULL, 36, 3, 379, NULL, 1, '0777ad07-bddb-4251-b51b-4e9408eaa8cc'),
	(128, '2023-08-28 17:40:43.744528+00', NULL, NULL, NULL, NULL, NULL, NULL, NULL, 34, 3, 373, NULL, 1, '0777ad07-bddb-4251-b51b-4e9408eaa8cc'),
	(129, '2023-08-28 17:47:17.163598+00', NULL, NULL, NULL, NULL, NULL, NULL, NULL, 56, 6, 433, NULL, 1, '0777ad07-bddb-4251-b51b-4e9408eaa8cc'),
	(130, '2023-08-28 17:52:48.496989+00', NULL, NULL, NULL, NULL, NULL, NULL, NULL, 72, 7, 66, NULL, 1, '8ad6e0e4-39b7-4b5e-bd85-ad1ba3b8daae'),
	(131, '2023-08-28 17:56:16.929492+00', NULL, NULL, NULL, NULL, NULL, NULL, NULL, 72, 7, 66, NULL, 1, '8ad6e0e4-39b7-4b5e-bd85-ad1ba3b8daae'),
	(132, '2023-08-28 18:26:34.958045+00', NULL, NULL, NULL, NULL, NULL, NULL, NULL, 40, 4, 305, NULL, 1, '8ad6e0e4-39b7-4b5e-bd85-ad1ba3b8daae'),
	(133, '2023-08-28 18:33:15.808236+00', NULL, NULL, NULL, NULL, NULL, NULL, NULL, 30, 3, 350, NULL, 1, '8ad6e0e4-39b7-4b5e-bd85-ad1ba3b8daae'),
	(134, '2023-08-28 18:39:46.046851+00', NULL, NULL, NULL, NULL, NULL, NULL, NULL, 17, 2, 252, NULL, 1, '8ad6e0e4-39b7-4b5e-bd85-ad1ba3b8daae'),
	(135, '2023-08-29 10:31:57.792308+00', NULL, NULL, NULL, NULL, NULL, NULL, NULL, 72, 7, 66, NULL, 1, '8ad6e0e4-39b7-4b5e-bd85-ad1ba3b8daae'),
	(136, '2023-08-29 10:38:26.043568+00', NULL, NULL, NULL, NULL, NULL, NULL, NULL, 72, 7, 66, NULL, 1, '8ad6e0e4-39b7-4b5e-bd85-ad1ba3b8daae'),
	(137, '2023-08-29 15:22:08.463211+00', NULL, NULL, NULL, NULL, NULL, NULL, NULL, 72, 7, 66, NULL, 1, '8ad6e0e4-39b7-4b5e-bd85-ad1ba3b8daae'),
	(138, '2023-08-29 16:02:23.743451+00', NULL, NULL, NULL, NULL, NULL, NULL, NULL, 72, 7, 66, NULL, 1, '2cf81880-3206-4bb1-9734-ddcacd822d18'),
	(139, '2023-08-29 16:02:30.216572+00', NULL, NULL, NULL, NULL, NULL, NULL, NULL, 72, 7, 66, NULL, 1, '2cf81880-3206-4bb1-9734-ddcacd822d18'),
	(140, '2023-08-29 16:02:31.020335+00', NULL, NULL, NULL, NULL, NULL, NULL, NULL, 72, 7, 66, NULL, 1, '2cf81880-3206-4bb1-9734-ddcacd822d18'),
	(141, '2023-08-29 16:04:54.577749+00', NULL, NULL, NULL, NULL, NULL, NULL, NULL, 72, 7, 66, NULL, 1, '2cf81880-3206-4bb1-9734-ddcacd822d18'),
	(142, '2023-08-29 16:12:13.960002+00', NULL, NULL, NULL, NULL, NULL, NULL, NULL, 5, 1, 172, NULL, 1, '8ad6e0e4-39b7-4b5e-bd85-ad1ba3b8daae'),
	(143, '2023-08-29 16:13:32.978057+00', NULL, NULL, NULL, NULL, NULL, NULL, NULL, 5, 1, 172, NULL, 1, '8ad6e0e4-39b7-4b5e-bd85-ad1ba3b8daae'),
	(144, '2023-08-29 16:14:30.699916+00', NULL, NULL, NULL, NULL, NULL, NULL, NULL, 5, 1, 172, NULL, 1, '8ad6e0e4-39b7-4b5e-bd85-ad1ba3b8daae'),
	(145, '2023-08-29 18:21:48.542474+00', NULL, NULL, NULL, NULL, NULL, NULL, NULL, 72, 7, 66, NULL, 1, '2cf81880-3206-4bb1-9734-ddcacd822d18'),
	(146, '2023-08-29 18:22:45.01921+00', NULL, NULL, NULL, NULL, NULL, NULL, NULL, 72, 7, 66, NULL, 1, '2cf81880-3206-4bb1-9734-ddcacd822d18'),
	(147, '2023-08-29 18:27:43.366963+00', NULL, NULL, NULL, NULL, NULL, NULL, NULL, 40, 4, 305, NULL, 1, '8ad6e0e4-39b7-4b5e-bd85-ad1ba3b8daae'),
	(148, '2023-08-29 18:28:53.310385+00', NULL, NULL, NULL, NULL, NULL, NULL, NULL, 40, 4, 305, NULL, 1, '8ad6e0e4-39b7-4b5e-bd85-ad1ba3b8daae'),
	(149, '2023-08-29 18:29:39.549208+00', NULL, NULL, NULL, NULL, NULL, NULL, NULL, 40, 4, 305, NULL, 1, '8ad6e0e4-39b7-4b5e-bd85-ad1ba3b8daae'),
	(150, '2023-08-29 18:47:46.830203+00', NULL, NULL, NULL, NULL, NULL, NULL, NULL, 40, 4, 305, NULL, 1, '8ad6e0e4-39b7-4b5e-bd85-ad1ba3b8daae'),
	(151, '2023-08-29 18:48:41.872922+00', NULL, NULL, NULL, NULL, NULL, NULL, NULL, 40, 4, 305, NULL, 1, '8ad6e0e4-39b7-4b5e-bd85-ad1ba3b8daae'),
	(152, '2023-08-29 19:25:56.018096+00', NULL, NULL, NULL, NULL, NULL, NULL, NULL, 72, 7, 66, NULL, 1, '0dfdccab-0418-42bb-8768-5f9f7a58c52f'),
	(153, '2023-08-29 19:27:06.199977+00', NULL, NULL, NULL, NULL, NULL, NULL, NULL, 72, 7, 66, NULL, 1, '0dfdccab-0418-42bb-8768-5f9f7a58c52f'),
	(154, '2023-08-29 19:32:56.631433+00', NULL, NULL, NULL, NULL, NULL, NULL, NULL, 72, 7, 66, NULL, 1, '0dfdccab-0418-42bb-8768-5f9f7a58c52f'),
	(155, '2023-08-29 19:35:34.089608+00', NULL, NULL, NULL, NULL, NULL, NULL, NULL, 72, 7, 66, NULL, 1, '0dfdccab-0418-42bb-8768-5f9f7a58c52f'),
	(156, '2023-08-29 19:40:50.213983+00', NULL, NULL, NULL, NULL, NULL, NULL, NULL, 72, 7, 66, NULL, 1, '0dfdccab-0418-42bb-8768-5f9f7a58c52f'),
	(157, '2023-08-29 20:11:38.331837+00', NULL, NULL, NULL, NULL, NULL, NULL, NULL, 23, 2, 255, NULL, 1, '0777ad07-bddb-4251-b51b-4e9408eaa8cc'),
	(158, '2023-08-29 20:12:20.039202+00', NULL, NULL, NULL, NULL, NULL, NULL, NULL, 1, 1, 7, NULL, 1, '0777ad07-bddb-4251-b51b-4e9408eaa8cc'),
	(159, '2023-08-29 20:13:48.253329+00', NULL, NULL, NULL, NULL, NULL, NULL, NULL, 50, 5, 473, NULL, 1, '0777ad07-bddb-4251-b51b-4e9408eaa8cc'),
	(160, '2023-08-29 21:35:04.473456+00', NULL, NULL, NULL, NULL, NULL, NULL, NULL, 23, 2, 255, NULL, 1, '0777ad07-bddb-4251-b51b-4e9408eaa8cc'),
	(161, '2023-08-30 14:41:03.236249+00', NULL, NULL, NULL, NULL, NULL, NULL, NULL, 72, 7, 66, NULL, 1, '2cf81880-3206-4bb1-9734-ddcacd822d18'),
	(162, '2023-08-30 14:51:29.839682+00', NULL, NULL, NULL, NULL, NULL, NULL, NULL, 3, 1, 158, NULL, 1, '2cf81880-3206-4bb1-9734-ddcacd822d18'),
	(163, '2023-08-30 14:53:00.951798+00', NULL, NULL, NULL, NULL, NULL, NULL, NULL, 23, 2, 256, NULL, 1, '2cf81880-3206-4bb1-9734-ddcacd822d18'),
	(164, '2023-08-30 14:54:06.780194+00', NULL, NULL, NULL, NULL, NULL, NULL, NULL, 18, 3, 342, NULL, 1, '2cf81880-3206-4bb1-9734-ddcacd822d18'),
	(165, '2023-08-30 14:58:08.653138+00', NULL, NULL, NULL, NULL, NULL, NULL, NULL, 40, 4, 301, NULL, 1, '2cf81880-3206-4bb1-9734-ddcacd822d18'),
	(166, '2023-08-30 15:02:22.558764+00', NULL, NULL, NULL, NULL, NULL, NULL, NULL, 50, 5, 473, NULL, 1, '2cf81880-3206-4bb1-9734-ddcacd822d18'),
	(167, '2023-08-30 15:03:29.852858+00', NULL, NULL, NULL, NULL, NULL, NULL, NULL, 21, 6, 423, NULL, 1, '2cf81880-3206-4bb1-9734-ddcacd822d18'),
	(168, '2023-08-30 15:04:27.043722+00', NULL, NULL, NULL, NULL, NULL, NULL, NULL, 66, 7, 19, NULL, 1, '2cf81880-3206-4bb1-9734-ddcacd822d18'),
	(169, '2023-08-30 15:09:30.301031+00', NULL, NULL, NULL, NULL, NULL, NULL, NULL, 2, 1, 144, NULL, 1, '2cf81880-3206-4bb1-9734-ddcacd822d18'),
	(170, '2023-08-30 15:11:17.651101+00', NULL, NULL, NULL, NULL, NULL, NULL, NULL, 29, 2, 295, NULL, 1, '2cf81880-3206-4bb1-9734-ddcacd822d18'),
	(171, '2023-08-30 15:12:03.903754+00', NULL, NULL, NULL, NULL, NULL, NULL, NULL, 29, 2, 295, NULL, 1, '2cf81880-3206-4bb1-9734-ddcacd822d18'),
	(172, '2023-08-30 15:12:55.911328+00', NULL, NULL, NULL, NULL, NULL, NULL, NULL, 29, 2, 295, NULL, 1, '2cf81880-3206-4bb1-9734-ddcacd822d18'),
	(173, '2023-08-30 15:13:41.686384+00', NULL, NULL, NULL, NULL, NULL, NULL, NULL, 29, 2, 292, NULL, 1, '2cf81880-3206-4bb1-9734-ddcacd822d18'),
	(174, '2023-08-30 15:43:16.457784+00', NULL, NULL, NULL, NULL, NULL, NULL, NULL, 23, 2, 257, NULL, 1, 'b8a30290-79ac-49bb-9a76-223532e62ae4'),
	(175, '2023-08-30 15:50:26.805261+00', NULL, NULL, NULL, NULL, NULL, NULL, NULL, 28, 2, 288, NULL, 1, 'b8a30290-79ac-49bb-9a76-223532e62ae4'),
	(176, '2023-08-30 16:05:12.658604+00', NULL, NULL, NULL, NULL, NULL, NULL, NULL, 2, 1, 144, NULL, 1, '2cf81880-3206-4bb1-9734-ddcacd822d18'),
	(177, '2023-08-30 16:22:26.776147+00', NULL, NULL, NULL, NULL, NULL, NULL, NULL, 23, 2, 257, NULL, 1, '2cf81880-3206-4bb1-9734-ddcacd822d18'),
	(178, '2023-08-30 18:45:02.678749+00', NULL, NULL, NULL, NULL, NULL, NULL, NULL, 31, 3, 354, NULL, 1, '2cf81880-3206-4bb1-9734-ddcacd822d18'),
	(179, '2023-09-01 12:17:51.322932+00', NULL, NULL, NULL, NULL, NULL, NULL, NULL, 69, 7, 44, NULL, 1, 'b8a30290-79ac-49bb-9a76-223532e62ae4'),
	(180, '2023-09-05 15:26:41.907425+00', NULL, NULL, NULL, NULL, NULL, NULL, NULL, 31, 3, 354, NULL, 1, 'b8a30290-79ac-49bb-9a76-223532e62ae4'),
	(181, '2023-09-05 20:39:34.104472+00', NULL, NULL, NULL, NULL, NULL, NULL, NULL, 24, 2, 264, NULL, 1, 'b8a30290-79ac-49bb-9a76-223532e62ae4'),
	(182, '2023-09-15 18:44:32.781176+00', NULL, NULL, NULL, NULL, NULL, NULL, NULL, 50, 5, 473, NULL, 1, 'b8a30290-79ac-49bb-9a76-223532e62ae4'),
	(183, '2023-09-15 19:16:33.369975+00', NULL, NULL, NULL, NULL, NULL, NULL, NULL, 29, 2, 292, NULL, 1, '5f41591b-0850-47b7-b6a4-08251ba79b66'),
	(184, '2023-09-15 19:16:48.619553+00', NULL, NULL, NULL, NULL, NULL, NULL, NULL, 29, 2, 292, NULL, 1, '5f41591b-0850-47b7-b6a4-08251ba79b66'),
	(185, '2023-09-15 19:22:43.498749+00', NULL, NULL, NULL, NULL, NULL, NULL, NULL, 29, 2, 292, NULL, 1, '5f41591b-0850-47b7-b6a4-08251ba79b66'),
	(186, '2023-09-15 19:24:25.114919+00', NULL, NULL, NULL, NULL, NULL, NULL, NULL, 36, 3, 384, NULL, 1, '5f41591b-0850-47b7-b6a4-08251ba79b66'),
	(187, '2023-09-16 17:57:48.468354+00', NULL, NULL, NULL, NULL, NULL, NULL, NULL, 19, 4, 299, NULL, 1, '72ddf579-0400-407f-9a7b-903e7d3c6afa'),
	(188, '2023-09-18 13:12:41.241702+00', NULL, NULL, NULL, NULL, NULL, NULL, NULL, 31, 3, 356, NULL, 1, '0517efc0-1beb-4239-a522-748616a0d83f'),
	(189, '2023-09-18 20:03:11.06716+00', NULL, NULL, NULL, NULL, NULL, NULL, NULL, 31, 3, 356, NULL, 1, 'b8a30290-79ac-49bb-9a76-223532e62ae4'),
	(190, '2023-09-20 19:12:31.333666+00', NULL, NULL, NULL, NULL, NULL, NULL, NULL, 24, 2, 263, NULL, 1, '0517efc0-1beb-4239-a522-748616a0d83f'),
	(191, '2023-09-20 20:18:31.395997+00', NULL, NULL, NULL, NULL, NULL, NULL, NULL, 41, 4, 308, NULL, 1, 'b8a30290-79ac-49bb-9a76-223532e62ae4'),
	(192, '2023-09-20 21:35:46.278913+00', NULL, NULL, NULL, NULL, NULL, NULL, NULL, 30, 3, 348, NULL, 1, '0517efc0-1beb-4239-a522-748616a0d83f'),
	(193, '2023-09-25 13:58:14.804636+00', NULL, NULL, NULL, NULL, NULL, NULL, NULL, 31, 3, 355, NULL, 1, 'af1e7269-288a-4ec5-8a86-307fefc7a03f'),
	(194, '2023-09-26 20:52:48.489052+00', NULL, NULL, NULL, NULL, NULL, NULL, NULL, 34, 3, 374, NULL, 1, 'af1e7269-288a-4ec5-8a86-307fefc7a03f'),
	(195, '2023-09-26 20:52:53.694785+00', NULL, NULL, NULL, NULL, NULL, NULL, NULL, 34, 3, 374, NULL, 1, 'af1e7269-288a-4ec5-8a86-307fefc7a03f'),
	(196, '2023-10-06 14:29:22.06807+00', NULL, NULL, NULL, NULL, NULL, NULL, NULL, 53, 5, 488, NULL, 1, '5f41591b-0850-47b7-b6a4-08251ba79b66');


--
-- Data for Name: profiles; Type: TABLE DATA; Schema: public; Owner: postgres
--

INSERT INTO "public"."profiles" ("created_at", "first_name", "last_name", "user_id", "email") VALUES
	('2023-08-10 19:02:29.150927+00', 'gz', 'ga', 'af1e7269-288a-4ec5-8a86-307fefc7a03f', 'gerzarko@gmail.com'),
	('2023-07-26 21:15:02.469923+00', 'g', 'g', '0517efc0-1beb-4239-a522-748616a0d83f', 'germanzarkovich@gmail.com'),
	('2023-08-24 15:27:12.953536+00', 'german', 'zar', '9ff9251c-1c89-41a9-b6ef-da3b8bd9adab', 'gazarkovich@gmail.com'),
	('2023-08-07 21:07:25.086115+00', 'TestingAgain', 'Testing', '0777ad07-bddb-4251-b51b-4e9408eaa8cc', 'rachael.c.hurd@gmail.com'),
	('2023-08-28 17:52:47.975254+00', 'Maycol', 'Espinoza', '8ad6e0e4-39b7-4b5e-bd85-ad1ba3b8daae', 'mespinozap@ucenfotec.ac.cr'),
	('2023-08-29 16:02:23.185062+00', 'Maycol', 'Espinoza Ponce', '2cf81880-3206-4bb1-9734-ddcacd822d18', 'maycol.ponce@datagrove.com'),
	('2023-08-29 19:25:55.182309+00', 'Maycol', 'Espinoza Ponce', '0dfdccab-0418-42bb-8768-5f9f7a58c52f', 'espinozaponcemaycol@gmail.com'),
	('2023-08-11 17:43:50.386064+00', 'Tomás ', 'Dozier ', '72ddf579-0400-407f-9a7b-903e7d3c6afa', 'tomas@datagrove.com'),
	('2023-08-09 18:19:42.494678+00', 'Meagan ', 'Smith', '5f41591b-0850-47b7-b6a4-08251ba79b66', 'mgnsmitty@yahoo.com'),
	('2023-07-11 20:57:22.594463+00', 'Awesomer', 'Saucier', 'b8a30290-79ac-49bb-9a76-223532e62ae4', 'rachael.southworth@datagrove.com');


--
-- Data for Name: clients; Type: TABLE DATA; Schema: public; Owner: postgres
--

INSERT INTO "public"."clients" ("user_id", "created_at", "location", "client_phone", "display_name", "image_url") VALUES
	('0517efc0-1beb-4239-a522-748616a0d83f', '2023-08-01 15:48:08.006147+00', 61, 123, 'g', NULL),
	('9ff9251c-1c89-41a9-b6ef-da3b8bd9adab', '2023-08-24 15:27:40.664367+00', 114, 12345678, 'ger', NULL),
	('5f41591b-0850-47b7-b6a4-08251ba79b66', '2023-08-25 18:49:47.5907+00', 117, 1234567890, 'User Meagan', NULL),
	('8ad6e0e4-39b7-4b5e-bd85-ad1ba3b8daae', '2023-08-29 10:31:58.041566+00', 135, 60280735, 'PotentialClient', '0.04299248299216907.jpeg'),
	('72ddf579-0400-407f-9a7b-903e7d3c6afa', '2023-09-16 17:57:48.532414+00', 187, 85815898, 'Tomas', NULL),
	('b8a30290-79ac-49bb-9a76-223532e62ae4', '2023-08-01 15:13:15.768859+00', 182, 315, 'Client #4', '0.09007938802204873.svg');

--
-- Data for Name: providers; Type: TABLE DATA; Schema: public; Owner: postgres
--

INSERT INTO "public"."providers" ("created_at", "provider_name", "user_id", "location", "provider_phone", "image_url", "provider_id") VALUES
	('2023-07-28 13:55:57.853558+00', 'g', '0517efc0-1beb-4239-a522-748616a0d83f', 55, 'g', NULL, 1),
	('2023-08-24 15:44:32.554938+00', 'ger', '9ff9251c-1c89-41a9-b6ef-da3b8bd9adab', 116, '12345678', NULL, 11),
	('2023-08-28 17:52:48.611925+00', 'GeneralServices', '8ad6e0e4-39b7-4b5e-bd85-ad1ba3b8daae', 130, '60280735', '0.986884164133853.jpeg', 20),
	('2023-08-29 19:40:50.32649+00', 'GeneralServicesAS', '0dfdccab-0418-42bb-8768-5f9f7a58c52f', 156, '70280735', '0.6053468513445344.jpeg', 31),
	('2023-08-11 17:43:51.320021+00', 'Programming for Good ', '72ddf579-0400-407f-9a7b-903e7d3c6afa', 82, '85815898 ', '0.12117235631839884.jpg', 9),
	('2023-08-30 14:41:03.355275+00', 'GeneralServices', '2cf81880-3206-4bb1-9734-ddcacd822d18', 161, '50280735', '0.6596225757890812.jpeg', 36),
	('2023-08-09 18:26:20.371128+00', 'MEEEE', '5f41591b-0850-47b7-b6a4-08251ba79b66', 76, '1234567890', '0.2197445829069009.jpg', 5),
	('2023-08-03 19:05:47.022082+00', 'Provider', 'b8a30290-79ac-49bb-9a76-223532e62ae4', 63, '315', '0.45704306463310207.svg', 2);


--
-- Data for Name: provider_post; Type: TABLE DATA; Schema: public; Owner: postgres
--

INSERT INTO "public"."provider_post" ("id", "created_at", "title", "service_category", "content", "location", "user_id", "image_urls", "promoted", "promotedStartDate", "promotedFinishDate") VALUES
	(21, '2023-08-04 19:58:26.055622+00', 'Test images urls', 5, 'Some really cool post content', 64, 'b8a30290-79ac-49bb-9a76-223532e62ae4', NULL, false, NULL, NULL),
	(22, '2023-08-04 20:01:43.606657+00', 'Test Image URLs Again', 4, 'This is another test of awesome posting', 65, 'b8a30290-79ac-49bb-9a76-223532e62ae4', '0.3996122060547116.svg,0.4128741285474993.svg,0.7616475583157605.svg,0.206477239529131.svg', false, NULL, NULL),
	(23, '2023-08-04 20:06:43.144265+00', 'Another images test', 6, 'See if all these images go on supabase', 66, 'b8a30290-79ac-49bb-9a76-223532e62ae4', '0.6350019419435353.svg,0.2786142287381277.svg,0.1425194449846774.svg', false, NULL, NULL),
	(24, '2023-08-04 21:24:59.29601+00', 'Test Larger Image', 8, 'This is a test of a larger image', 67, 'b8a30290-79ac-49bb-9a76-223532e62ae4', '0.7306483408272859.jpg', false, NULL, NULL),
	(25, '2023-08-04 21:30:58.605326+00', 'Test if it is squishing images', 6, 'Test image output', 68, 'b8a30290-79ac-49bb-9a76-223532e62ae4', '0.5809714732343214.jpg', false, NULL, NULL),
	(26, '2023-08-07 15:45:06.077985+00', 'Tile Guy – Tile Installations – Tiled Back Splash – Mud Jobs – Mosaics', 3, 'Residential and Commercial

Specializes in all type of Tiling, all type of Flooring Refinish/Repair, and Bathroom/Basement/Kitchen/Back splash Tile Installation.

CALL to set up a consultation and free estimate at your business or home!

PHONE NUMBER

- We will meet with you to understand your vision and what you would like done.
- We help you design the layout and tell you exactly what can and can''t be done.
- We measure everything and give you an exact plan so you know all measurements.
- All prices are guaranteed with no additional added costs once work starts.

Let us make your Tiling/Flooring process fast and comfortable!

"ALL TYPE OF DESIGN AND TILE/FLOORING WORK"
"Hardwood & Engineered Flooring"
"Stairs"
"Repairs Refinish"
"All type of tile setting and repair/Mud Work”
"Stone work/Pavers”
"Flooring removal, leveling and patching"
"Moldings (all types)"', 69, 'b8a30290-79ac-49bb-9a76-223532e62ae4', '0.5830347208623836.jpg,0.18613339663571526.jpg,0.06875916360489076.jpg,0.13930393642874783.jpg', false, NULL, NULL),
	(28, '2023-08-11 17:46:02.343714+00', 'Education without Funding', 6, 'We will help create education projects in your community', 83, '72ddf579-0400-407f-9a7b-903e7d3c6afa', '0.400328513752636.png', false, NULL, NULL),
	(62, '2023-08-28 18:26:35.098579+00', 'Second_Test', 3, 'This is the second test.', 132, '8ad6e0e4-39b7-4b5e-bd85-ad1ba3b8daae', '0.8652768496991268.jpeg', false, NULL, NULL),
	(63, '2023-08-28 18:33:15.922753+00', 'First Test', 9, 'This is the first test post.

Lorem Ipsum is simply dummy text of the printing and typesetting industry. Lorem Ipsum has been the industry''s standard dummy text ever since the 1500s, when an unknown printer took a galley of type and scrambled it to make a type specimen book. It has survived not only five centuries, but also the leap into electronic typesetting, remaining essentially unchanged. It was popularised in the 1960s with the release of Letraset sheets containing Lorem Ipsum passages, and more recently with desktop publishing software like Aldus PageMaker including versions of Lorem Ipsum.', 133, '8ad6e0e4-39b7-4b5e-bd85-ad1ba3b8daae', '0.03869995607769128.jpeg', false, NULL, NULL),
	(64, '2023-08-28 18:39:46.150341+00', 'Third_test', 1, 'This is the third test post.

Lorem Ipsum is simply dummy text of the printing and typesetting industry. Lorem Ipsum has been the industry''s standard dummy text ever since the 1500s, when an unknown printer took a galley of type and scrambled it to make a type specimen book. It has survived not only five centuries, but also the leap into electronic typesetting, remaining essentially unchanged. It was popularised in the 1960s with the release of Letraset sheets containing Lorem Ipsum passages, and more recently with desktop publishing software like Aldus PageMaker including versions of Lorem Ipsum.', 134, '8ad6e0e4-39b7-4b5e-bd85-ad1ba3b8daae', '0.6347507639064878.jpeg', false, NULL, NULL),
	(65, '2023-08-29 10:38:26.143028+00', 'I am looking for a specialist in gardening.', 1, 'Lorem Ipsum is simply dummy text of the printing and typesetting industry. Lorem Ipsum has been the industry''s standard dummy text ever since the 1500s, when an unknown printer took a galley of type and scrambled it to make a type specimen book. It has survived not only five centuries, but also the leap into electronic typesetting, remaining essentially unchanged. It was popularised in the 1960s with the release of Letraset sheets containing Lorem Ipsum passages, and more recently with desktop publishing software like Aldus PageMaker including versions of Lorem Ipsum.', 136, '8ad6e0e4-39b7-4b5e-bd85-ad1ba3b8daae', '0.8599247918306583.png,0.005772608999953244.jpeg', false, NULL, NULL),
	(66, '2023-08-29 15:22:08.570414+00', 'FilterTest', 4, 'Lorem Ipsum is simply dummy text of the printing and typesetting industry. Lorem Ipsum has been the industry''s standard dummy text ever since the 1500s, when an unknown printer took a galley of type and scrambled it to make a type specimen book. It has survived not only five centuries, but also the leap into electronic typesetting, remaining essentially unchanged. It was popularised in the 1960s with the release of Letraset sheets containing Lorem Ipsum passages, and more recently with desktop publishing software like Aldus PageMaker including versions of Lorem Ipsum.', 137, '8ad6e0e4-39b7-4b5e-bd85-ad1ba3b8daae', '0.33336793942403475.jpeg', false, NULL, NULL),
	(67, '2023-08-29 16:12:14.079943+00', 'FiltersTest#1', 4, 'Lorem Ipsum is simply dummy text of the printing and typesetting industry. Lorem Ipsum has been the industry''s standard dummy text ever since the 1500s, when an unknown printer took a galley of type and scrambled it to make a type specimen book. It has survived not only five centuries, but also the leap into electronic typesetting, remaining essentially unchanged. It was popularised in the 1960s with the release of Letraset sheets containing Lorem Ipsum passages, and more recently with desktop publishing software like Aldus PageMaker including versions of Lorem Ipsum.', 142, '8ad6e0e4-39b7-4b5e-bd85-ad1ba3b8daae', '0.9499555140763174.jpeg', false, NULL, NULL),
	(68, '2023-08-29 16:13:33.089052+00', 'FilterTest#2', 3, 'Lorem Ipsum is simply dummy text of the printing and typesetting industry. Lorem Ipsum has been the industry''s standard dummy text ever since the 1500s, when an unknown printer took a galley of type and scrambled it to make a type specimen book. It has survived not only five centuries, but also the leap into electronic typesetting, remaining essentially unchanged. It was popularised in the 1960s with the release of Letraset sheets containing Lorem Ipsum passages, and more recently with desktop publishing software like Aldus PageMaker including versions of Lorem Ipsum.', 143, '8ad6e0e4-39b7-4b5e-bd85-ad1ba3b8daae', '0.6319284442384714.jpeg', false, NULL, NULL),
	(97, '2023-09-15 19:22:43.664362+00', 'Test the share and delete', 5, '<p>asdfasdfasdfasd</p>', 185, '5f41591b-0850-47b7-b6a4-08251ba79b66', NULL, false, NULL, NULL),
	(94, '2023-09-05 20:39:34.155754+00', 'This is a title', 3, '<p>This is another Test Post.<br><br><strong>Confirm quickbars is working</strong></p>', 181, 'b8a30290-79ac-49bb-9a76-223532e62ae4', NULL, true, NULL, NULL),
	(93, '2023-09-05 15:26:42.052395+00', 'Test Rich Text', 5, '<ul>
<li>Test&nbsp;
<ul>
<li>Test</li>
</ul>
</li>
<li>Another TEST</li>
</ul>
<blockquote>
<h3>Test&nbsp;</h3>
</blockquote>
<ol>
<li>numbered list</li>
<li>also numbered list</li>
</ol>', 180, 'b8a30290-79ac-49bb-9a76-223532e62ae4', NULL, true, NULL, NULL),
	(69, '2023-08-29 16:14:30.822276+00', 'FilterTest#3', 12, 'Lorem Ipsum is simply dummy text of the printing and typesetting industry. Lorem Ipsum has been the industry''s standard dummy text ever since the 1500s, when an unknown printer took a galley of type and scrambled it to make a type specimen book. It has survived not only five centuries, but also the leap into electronic typesetting, remaining essentially unchanged. It was popularised in the 1960s with the release of Letraset sheets containing Lorem Ipsum passages, and more recently with desktop publishing software like Aldus PageMaker including versions of Lorem Ipsum.', 144, '8ad6e0e4-39b7-4b5e-bd85-ad1ba3b8daae', '0.3861344960046713.jpeg', false, NULL, NULL),
	(17, '2023-08-01 15:11:20.331519+00', 'Post Title', 2, 'Enter Post Content Here:This is post content', 57, 'b8a30290-79ac-49bb-9a76-223532e62ae4', NULL, true, NULL, NULL),
	(18, '2023-08-01 16:11:32.736986+00', 'Test category post', 1, 'Enter Post Content Herethis is post content', 62, 'b8a30290-79ac-49bb-9a76-223532e62ae4', NULL, true, NULL, NULL),
	(100, '2023-09-18 20:03:11.124536+00', 'Test creating post from installed app', 9, '<p>This is another test post from our PWA</p>', 189, 'b8a30290-79ac-49bb-9a76-223532e62ae4', '0.3033210590768056.png', false, NULL, NULL),
	(73, '2023-08-29 18:47:46.95324+00', 'TestSizePostCard#1', 3, 'This is a test of size card.', 150, '8ad6e0e4-39b7-4b5e-bd85-ad1ba3b8daae', '0.04728843381423897.jpeg', false, NULL, NULL),
	(74, '2023-08-29 18:48:41.9912+00', 'TestSizePostCard#2', 4, 'This is a size Test.', 151, '8ad6e0e4-39b7-4b5e-bd85-ad1ba3b8daae', NULL, false, NULL, NULL),
	(75, '2023-08-30 14:51:29.946472+00', 'MVP Test 1.0', 2, 'Lorem Ipsum is simply dummy text of the printing and typesetting industry. Lorem Ipsum has been the industry''s standard dummy text ever since the 1500s, when an unknown printer took a galley of type and scrambled it to make a type specimen book. It has survived not only five centuries, but also the leap into electronic typesetting, remaining essentially unchanged. It was popularised in the 1960s with the release of Letraset sheets containing Lorem Ipsum passages, and more recently with desktop publishing software like Aldus PageMaker including versions of Lorem Ipsum.', 162, '2cf81880-3206-4bb1-9734-ddcacd822d18', '0.7795802361487942.jpeg', false, NULL, NULL),
	(76, '2023-08-30 14:53:01.069745+00', 'MVP Test 1.0', 1, 'Lorem Ipsum is simply dummy text of the printing and typesetting industry. Lorem Ipsum has been the industry''s standard dummy text ever since the 1500s, when an unknown printer took a galley of type and scrambled it to make a type specimen book. It has survived not only five centuries, but also the leap into electronic typesetting, remaining essentially unchanged. It was popularised in the 1960s with the release of Letraset sheets containing Lorem Ipsum passages, and more recently with desktop publishing software like Aldus PageMaker including versions of Lorem Ipsum.', 163, '2cf81880-3206-4bb1-9734-ddcacd822d18', '0.39316620360917365.jpeg', false, NULL, NULL),
	(77, '2023-08-30 14:54:06.882842+00', 'MVP Test 1.0', 3, 'Lorem Ipsum is simply dummy text of the printing and typesetting industry. Lorem Ipsum has been the industry''s standard dummy text ever since the 1500s, when an unknown printer took a galley of type and scrambled it to make a type specimen book. It has survived not only five centuries, but also the leap into electronic typesetting, remaining essentially unchanged. It was popularised in the 1960s with the release of Letraset sheets containing Lorem Ipsum passages, and more recently with desktop publishing software like Aldus PageMaker including versions of Lorem Ipsum.', 164, '2cf81880-3206-4bb1-9734-ddcacd822d18', '0.27380417023810555.jpeg', false, NULL, NULL),
	(78, '2023-08-30 14:58:08.769977+00', 'MVP Test 1.0', 5, 'Lorem Ipsum is simply dummy text of the printing and typesetting industry. Lorem Ipsum has been the industry''s standard dummy text ever since the 1500s, when an unknown printer took a galley of type and scrambled it to make a type specimen book. It has survived not only five centuries, but also the leap into electronic typesetting, remaining essentially unchanged. It was popularised in the 1960s with the release of Letraset sheets containing Lorem Ipsum passages, and more recently with desktop publishing software like Aldus PageMaker including versions of Lorem Ipsum.', 165, '2cf81880-3206-4bb1-9734-ddcacd822d18', '0.14365552499007195.jpeg', false, NULL, NULL),
	(79, '2023-08-30 15:02:22.66807+00', 'MVP Test 1.0', 4, 'Lorem Ipsum is simply dummy text of the printing and typesetting industry. Lorem Ipsum has been the industry''s standard dummy text ever since the 1500s, when an unknown printer took a galley of type and scrambled it to make a type specimen book. It has survived not only five centuries, but also the leap into electronic typesetting, remaining essentially unchanged. It was popularised in the 1960s with the release of Letraset sheets containing Lorem Ipsum passages, and more recently with desktop publishing software like Aldus PageMaker including versions of Lorem Ipsum.', 166, '2cf81880-3206-4bb1-9734-ddcacd822d18', '0.7471010208165565.jpeg', false, NULL, NULL),
	(80, '2023-08-30 15:03:29.960357+00', 'MVP Test 1.0', 6, 'Lorem Ipsum is simply dummy text of the printing and typesetting industry. Lorem Ipsum has been the industry''s standard dummy text ever since the 1500s, when an unknown printer took a galley of type and scrambled it to make a type specimen book. It has survived not only five centuries, but also the leap into electronic typesetting, remaining essentially unchanged. It was popularised in the 1960s with the release of Letraset sheets containing Lorem Ipsum passages, and more recently with desktop publishing software like Aldus PageMaker including versions of Lorem Ipsum.', 167, '2cf81880-3206-4bb1-9734-ddcacd822d18', '0.6692873439777829.jpeg', false, NULL, NULL),
	(81, '2023-08-30 15:04:27.150613+00', 'MVP Test 1.0', 7, 'Lorem Ipsum is simply dummy text of the printing and typesetting industry. Lorem Ipsum has been the industry''s standard dummy text ever since the 1500s, when an unknown printer took a galley of type and scrambled it to make a type specimen book. It has survived not only five centuries, but also the leap into electronic typesetting, remaining essentially unchanged. It was popularised in the 1960s with the release of Letraset sheets containing Lorem Ipsum passages, and more recently with desktop publishing software like Aldus PageMaker including versions of Lorem Ipsum.', 168, '2cf81880-3206-4bb1-9734-ddcacd822d18', '0.32130315610122895.jpeg', false, NULL, NULL),
	(82, '2023-08-30 15:09:30.579686+00', 'MVP Test 1.1', 1, 'Lorem Ipsum is simply dummy text of the printing and typesetting industry.', 169, '2cf81880-3206-4bb1-9734-ddcacd822d18', '0.17099258328849487.jpeg', false, NULL, NULL),
	(83, '2023-08-30 15:11:17.758847+00', 'MVP Test 1.1', 3, 'Lorem Ipsum.', 170, '2cf81880-3206-4bb1-9734-ddcacd822d18', '0.6391651139451278.jpeg', false, NULL, NULL),
	(84, '2023-08-30 15:12:04.014773+00', 'MVP Test 1.1', 2, 'Lorem Ipsum.', 171, '2cf81880-3206-4bb1-9734-ddcacd822d18', '0.5225790579933658.jpeg', false, NULL, NULL),
	(85, '2023-08-30 15:12:56.030035+00', 'MVP Test 1.1', 5, 'Lorem Ipsum.', 172, '2cf81880-3206-4bb1-9734-ddcacd822d18', '0.8114504842072763.jpeg', false, NULL, NULL),
	(86, '2023-08-30 15:13:41.876495+00', 'MVP Test 1.1', 4, 'Lorem Ipsum.', 173, '2cf81880-3206-4bb1-9734-ddcacd822d18', '0.462273847922374.jpeg', false, NULL, NULL),
	(87, '2023-08-30 15:43:16.753713+00', 'test', 3, '<p>Test</p>', 174, 'b8a30290-79ac-49bb-9a76-223532e62ae4', NULL, false, NULL, NULL),
	(88, '2023-08-30 15:50:27.120408+00', 'Test rich text', 3, '<p>Tests<br><br><strong>TEst<br><br></strong><em>TEst</em></p>', 175, 'b8a30290-79ac-49bb-9a76-223532e62ae4', NULL, false, NULL, NULL),
	(89, '2023-08-30 16:05:12.770905+00', 'MVP Test 1.2', 1, 'Text validation in the description, successful.', 176, '2cf81880-3206-4bb1-9734-ddcacd822d18', '0.46327817483168277.jpeg', false, NULL, NULL),
	(90, '2023-08-30 16:22:26.877557+00', 'MVP Test 1.2', 3, 'Do not upload image test. successful', 177, '2cf81880-3206-4bb1-9734-ddcacd822d18', NULL, false, NULL, NULL),
	(91, '2023-08-30 18:45:02.787083+00', 'MVP Test 1.3', 8, 'Size of Card (Responsive) Successful.
Post with multiples images. Succesful.', 178, '2cf81880-3206-4bb1-9734-ddcacd822d18', '0.27631847556573663.jpeg,0.18890411102078075.jpeg,0.21066918904119336.jpeg', false, NULL, NULL),
	(92, '2023-09-01 12:17:51.613805+00', 'Title', 1, '<p>Test test</p>
<p>&nbsp;</p>', 179, 'b8a30290-79ac-49bb-9a76-223532e62ae4', NULL, false, NULL, NULL),
	(101, '2023-09-20 19:12:31.457644+00', 'arreglar computadoras', 4, '<p>arreglo computadoras y consolas atari</p>', 190, '0517efc0-1beb-4239-a522-748616a0d83f', NULL, false, NULL, NULL),
	(102, '2023-09-20 20:18:31.545462+00', 'Test TinyMCE as independent component', 10, '<h2>This is a <em>test</em></h2>', 191, 'b8a30290-79ac-49bb-9a76-223532e62ae4', '0.5855207986530602.svg', false, NULL, NULL),
	(103, '2023-09-20 21:35:46.409722+00', 'test2', 7, '<p>test 2</p>', 192, '0517efc0-1beb-4239-a522-748616a0d83f', NULL, false, NULL, NULL);



--
-- Data for Name: buckets; Type: TABLE DATA; Schema: storage; Owner: supabase_storage_admin
--

INSERT INTO "storage"."buckets" ("id", "name", "owner", "created_at", "updated_at", "public", "avif_autodetection", "file_size_limit", "allowed_mime_types", "owner_id") VALUES
	('user.image', 'user.image', NULL, '2023-07-13 19:25:41.126949+00', '2023-07-13 19:25:41.126949+00', false, false, NULL, NULL, NULL),
	('post.image', 'post.image', NULL, '2023-08-01 19:11:48.793899+00', '2023-08-01 19:11:48.793899+00', false, false, NULL, NULL, NULL);

--
-- Name: refresh_tokens_id_seq; Type: SEQUENCE SET; Schema: auth; Owner: supabase_auth_admin
--

SELECT pg_catalog.setval('"auth"."refresh_tokens_id_seq"', 1735, true);


--
-- Name: Country_id_seq; Type: SEQUENCE SET; Schema: public; Owner: postgres
--

SELECT pg_catalog.setval('"public"."Country_id_seq"', 1, true);


--
-- Name: Location_id_seq; Type: SEQUENCE SET; Schema: public; Owner: postgres
--

SELECT pg_catalog.setval('"public"."Location_id_seq"', 196, true);


--
-- Name: TEST_id_seq; Type: SEQUENCE SET; Schema: public; Owner: postgres
--

SELECT pg_catalog.setval('"public"."TEST_id_seq"', 1, true);


--
-- Name: cr_major_municipality_id_seq; Type: SEQUENCE SET; Schema: public; Owner: postgres
--

SELECT pg_catalog.setval('"public"."cr_major_municipality_id_seq"', 7, true);


--
-- Name: governing_district_id_seq; Type: SEQUENCE SET; Schema: public; Owner: postgres
--

SELECT pg_catalog.setval('"public"."governing_district_id_seq"', 491, true);


--
-- Name: language_id_seq; Type: SEQUENCE SET; Schema: public; Owner: postgres
--

SELECT pg_catalog.setval('"public"."language_id_seq"', 1, true);


--
-- Name: minor_municipality_id_seq; Type: SEQUENCE SET; Schema: public; Owner: postgres
--

SELECT pg_catalog.setval('"public"."minor_municipality_id_seq"', 84, true);


--
-- Name: post_category_id_seq; Type: SEQUENCE SET; Schema: public; Owner: postgres
--

SELECT pg_catalog.setval('"public"."post_category_id_seq"', 13, true);


--
-- Name: provider_post_id_seq; Type: SEQUENCE SET; Schema: public; Owner: postgres
--

SELECT pg_catalog.setval('"public"."provider_post_id_seq"', 104, true);


--
-- Name: providers_provider_id_seq; Type: SEQUENCE SET; Schema: public; Owner: postgres
--

SELECT pg_catalog.setval('"public"."providers_provider_id_seq"', 38, true);


--
-- PostgreSQL database dump complete
--

RESET ALL;
